,Date,Open Interest,Noncommercial Long,Noncommercial Short,Noncommercial Spreads,Commercial Long,Commercial Short,Total Long,Total Short,Nonreportable Positions Long,Nonreportable Positions Short,Commercial Net Position,Noncommercial Net Position
0,2022-08-23,43306.0,16789.0,18263.0,519.0,23988.0,18989.0,41296.0,37771.0,2010.0,5535.0,4999.0,-1474.0
1,2022-08-16,42296.0,18412.0,16643.0,171.0,21254.0,21059.0,39837.0,37873.0,2460.0,4424.0,195.0,1769.0
2,2022-08-09,46235.0,18224.0,18500.0,187.0,25584.0,21540.0,43995.0,40227.0,2240.0,6008.0,4044.0,-276.0
3,2022-08-02,46398.0,16521.0,18094.0,713.0,26543.0,21685.0,43777.0,40492.0,2622.0,5907.0,4858.0,-1573.0
4,2022-07-26,47826.0,17311.0,21497.0,413.0,27851.0,20243.0,45575.0,42153.0,2251.0,5673.0,7608.0,-4186.0
5,2022-07-19,46914.0,15791.0,19462.0,327.0,28351.0,21124.0,44469.0,40913.0,2445.0,6001.0,7227.0,-3671.0
6,2022-07-12,47769.0,14926.0,20209.0,214.0,30191.0,21212.0,45331.0,41635.0,2437.0,6133.0,8979.0,-5283.0
7,2022-07-05,47237.0,13634.0,20690.0,51.0,30862.0,20341.0,44547.0,41082.0,2690.0,6155.0,10521.0,-7056.0
8,2022-06-28,40338.0,11720.0,17031.0,194.0,26167.0,17616.0,38081.0,34841.0,2257.0,5497.0,8551.0,-5311.0
9,2022-06-21,42890.0,14652.0,20075.0,36.0,26056.0,17300.0,40744.0,37411.0,2146.0,5479.0,8756.0,-5423.0
10,2022-06-14,45411.0,14894.0,21732.0,218.0,28062.0,18289.0,43174.0,40239.0,2237.0,5172.0,9773.0,-6838.0
11,2022-06-07,63541.0,12310.0,32081.0,4802.0,43890.0,21209.0,61002.0,58093.0,2539.0,5448.0,22681.0,-19771.0
12,2022-05-31,55258.0,9179.0,28020.0,1185.0,42129.0,20639.0,52493.0,49844.0,2765.0,5414.0,21490.0,-18841.0
13,2022-05-24,59401.0,10749.0,30186.0,871.0,45576.0,22757.0,57197.0,53815.0,2204.0,5585.0,22819.0,-19437.0
14,2022-05-17,60926.0,14998.0,32883.0,230.0,43337.0,21831.0,58565.0,54944.0,2362.0,5982.0,21506.0,-17885.0
15,2022-05-10,56355.0,15203.0,28316.0,275.0,38658.0,21669.0,54136.0,50260.0,2219.0,6095.0,16989.0,-13113.0
16,2022-05-03,50963.0,17317.0,24040.0,316.0,30903.0,20911.0,48536.0,45267.0,2426.0,5696.0,9992.0,-6723.0
17,2022-04-26,46617.0,21985.0,22021.0,662.0,21450.0,18878.0,44097.0,41561.0,2520.0,5057.0,2572.0,-36.0
18,2022-04-19,41186.0,19001.0,18716.0,450.0,18937.0,18351.0,38387.0,37517.0,2799.0,3669.0,586.0,285.0
19,2022-04-12,37675.0,16295.0,16640.0,284.0,17290.0,17664.0,33869.0,34587.0,3806.0,3088.0,-374.0,-345.0
20,2022-04-05,35798.0,15428.0,16997.0,186.0,15863.0,15692.0,31477.0,32875.0,4321.0,2923.0,171.0,-1569.0
21,2022-03-29,34885.0,15504.0,16371.0,204.0,15507.0,15510.0,31215.0,32085.0,3670.0,2800.0,-3.0,-867.0
22,2022-03-22,35259.0,17156.0,14636.0,534.0,14227.0,16296.0,31917.0,31466.0,3342.0,3793.0,-2069.0,2520.0
23,2022-03-15,39202.0,21493.0,17840.0,619.0,14671.0,16486.0,36783.0,34945.0,2419.0,4257.0,-1815.0,3653.0
24,2022-03-08,53253.0,15775.0,28154.0,1678.0,33005.0,19413.0,50458.0,49245.0,2795.0,4008.0,13592.0,-12379.0
25,2022-03-01,50394.0,10485.0,24657.0,913.0,36326.0,20236.0,47724.0,45806.0,2670.0,4588.0,16090.0,-14172.0
26,2022-02-22,56642.0,17343.0,28894.0,1204.0,35481.0,21573.0,54028.0,51671.0,2614.0,4971.0,13908.0,-11551.0
27,2022-02-15,64109.0,24923.0,34256.0,912.0,35432.0,23412.0,61267.0,58580.0,2842.0,5529.0,12020.0,-9333.0
28,2022-02-08,54882.0,17168.0,27534.0,1021.0,33591.0,20858.0,51780.0,49413.0,3102.0,5469.0,12733.0,-10366.0
29,2022-02-01,58472.0,19203.0,30903.0,838.0,35644.0,21625.0,55685.0,53366.0,2787.0,5106.0,14019.0,-11700.0
30,2022-01-25,53322.0,15948.0,26721.0,872.0,33712.0,20431.0,50532.0,48024.0,2790.0,5298.0,13281.0,-10773.0
31,2022-01-18,44735.0,11612.0,19943.0,388.0,29876.0,19254.0,41876.0,39585.0,2859.0,5150.0,10622.0,-8331.0
32,2022-01-11,42075.0,10960.0,19564.0,477.0,27650.0,17346.0,39087.0,37387.0,2988.0,4688.0,10304.0,-8604.0
33,2022-01-04,40308.0,9417.0,18262.0,677.0,27208.0,16873.0,37302.0,35812.0,3006.0,4496.0,10335.0,-8845.0
34,2021-12-28,41868.0,11231.0,19652.0,509.0,27097.0,16997.0,38837.0,37158.0,3031.0,4710.0,10100.0,-8421.0
35,2021-12-21,41360.0,11050.0,17189.0,677.0,26819.0,17953.0,38546.0,35819.0,2814.0,5541.0,8866.0,-6139.0
36,2021-12-14,41227.0,13539.0,19403.0,609.0,23994.0,15820.0,38142.0,35832.0,3085.0,5395.0,8174.0,-5864.0
37,2021-12-07,55978.0,31881.0,21176.0,5777.0,15125.0,23998.0,52783.0,50951.0,3195.0,5028.0,-8873.0,10705.0
38,2021-11-30,49713.0,30465.0,20064.0,1533.0,14616.0,23690.0,46614.0,45287.0,3100.0,4426.0,-9074.0,10401.0
39,2021-11-23,44633.0,27835.0,14004.0,1150.0,11039.0,25803.0,40024.0,40957.0,4609.0,3676.0,-14764.0,13831.0
40,2021-11-16,43076.0,26388.0,12433.0,1340.0,10423.0,25918.0,38151.0,39691.0,4925.0,3384.0,-15495.0,13955.0
41,2021-11-09,43527.0,25312.0,12455.0,1296.0,11501.0,26625.0,38109.0,40377.0,5418.0,3150.0,-15124.0,12857.0
42,2021-11-02,45569.0,27504.0,13719.0,1406.0,10753.0,27310.0,39664.0,42435.0,5905.0,3134.0,-16557.0,13785.0
43,2021-10-26,43185.0,24490.0,15652.0,1467.0,11402.0,22800.0,37359.0,39920.0,5826.0,3265.0,-11398.0,8838.0
44,2021-10-19,37805.0,21004.0,14632.0,902.0,11260.0,18793.0,33166.0,34327.0,4639.0,3478.0,-7533.0,6372.0
45,2021-10-12,37363.0,20467.0,11739.0,642.0,12600.0,20737.0,33708.0,33118.0,3654.0,4244.0,-8137.0,8728.0
46,2021-10-05,35890.0,17887.0,9857.0,685.0,13609.0,21475.0,32182.0,32017.0,3709.0,3873.0,-7866.0,8030.0
47,2021-09-28,33678.0,18324.0,8080.0,772.0,10472.0,21070.0,29568.0,29922.0,4109.0,3756.0,-10598.0,10244.0
48,2021-09-21,36696.0,19703.0,11603.0,1104.0,11012.0,20233.0,31819.0,32940.0,4877.0,3756.0,-9221.0,8100.0
49,2021-09-14,35673.0,17554.0,11352.0,1045.0,11196.0,19951.0,29795.0,32348.0,5878.0,3325.0,-8755.0,6202.0
50,2021-09-07,58081.0,20074.0,16215.0,4714.0,28184.0,33173.0,52972.0,54102.0,5110.0,3980.0,-4989.0,3859.0
51,2021-08-31,48415.0,17692.0,19821.0,3324.0,23473.0,21120.0,44489.0,44265.0,3926.0,4150.0,2353.0,-2129.0
52,2021-08-24,46588.0,17129.0,17581.0,2936.0,23365.0,21448.0,43430.0,41965.0,3158.0,4623.0,1917.0,-452.0
53,2021-08-17,44422.0,16519.0,16909.0,2905.0,20883.0,20385.0,40307.0,40199.0,4115.0,4223.0,498.0,-390.0
54,2021-08-10,46861.0,17211.0,18327.0,4264.0,21607.0,19988.0,43083.0,42579.0,3778.0,4282.0,1619.0,-1116.0
55,2021-08-03,42926.0,16865.0,17284.0,919.0,20947.0,20542.0,38731.0,38745.0,4194.0,4181.0,405.0,-419.0
56,2021-07-27,44160.0,19372.0,18084.0,497.0,20345.0,21412.0,40214.0,39993.0,3945.0,4166.0,-1067.0,1288.0
57,2021-07-20,43807.0,20511.0,17625.0,791.0,18355.0,20648.0,39657.0,39064.0,4151.0,4743.0,-2293.0,2886.0
58,2021-07-13,42532.0,20627.0,17397.0,933.0,17029.0,19829.0,38589.0,38159.0,3943.0,4373.0,-2800.0,3230.0
59,2021-07-06,41845.0,19412.0,17648.0,1246.0,16552.0,19621.0,37210.0,38515.0,4635.0,3330.0,-3069.0,1764.0
60,2021-06-29,41435.0,19914.0,16783.0,1264.0,15727.0,19654.0,36905.0,37701.0,4529.0,3733.0,-3927.0,3131.0
61,2021-06-22,39375.0,19174.0,15878.0,887.0,14691.0,18826.0,34752.0,35591.0,4623.0,3784.0,-4135.0,3296.0
62,2021-06-15,38018.0,18466.0,15197.0,749.0,12962.0,18619.0,32177.0,34565.0,5841.0,3453.0,-5657.0,3269.0
63,2021-06-08,45923.0,21962.0,16456.0,2953.0,14475.0,23539.0,39390.0,42948.0,6533.0,2975.0,-9064.0,5506.0
64,2021-06-01,46379.0,24684.0,18755.0,1618.0,13844.0,23127.0,40146.0,43500.0,6233.0,2879.0,-9283.0,5929.0
65,2021-05-25,44252.0,24446.0,15861.0,953.0,12973.0,24680.0,38372.0,41494.0,5880.0,2758.0,-11707.0,8585.0
66,2021-05-18,43158.0,23624.0,15174.0,847.0,13176.0,24679.0,37647.0,40700.0,5511.0,2458.0,-11503.0,8450.0
67,2021-05-11,45418.0,26377.0,17033.0,1143.0,12328.0,24523.0,39848.0,42699.0,5570.0,2719.0,-12195.0,9344.0
68,2021-05-04,44456.0,26371.0,17783.0,767.0,12363.0,22928.0,39501.0,41478.0,4955.0,2978.0,-10565.0,8588.0
69,2021-04-27,44106.0,25852.0,18873.0,833.0,12348.0,21177.0,39033.0,40883.0,5073.0,3223.0,-8829.0,6979.0
70,2021-04-20,40634.0,21695.0,17373.0,894.0,12816.0,19044.0,35405.0,37311.0,5229.0,3323.0,-6228.0,4322.0
71,2021-04-13,38439.0,19727.0,17207.0,1217.0,12262.0,16935.0,33206.0,35359.0,5233.0,3080.0,-4673.0,2520.0
72,2021-04-06,37383.0,19199.0,16061.0,1319.0,11732.0,16658.0,32250.0,34038.0,5133.0,3345.0,-4926.0,3138.0
73,2021-03-30,36811.0,18945.0,14899.0,1538.0,10971.0,16988.0,31454.0,33425.0,5357.0,3386.0,-6017.0,4046.0
74,2021-03-23,38259.0,20354.0,15630.0,1983.0,10051.0,17342.0,32388.0,34955.0,5871.0,3304.0,-7291.0,4724.0
75,2021-03-16,34569.0,20002.0,13973.0,1556.0,8145.0,16306.0,29703.0,31835.0,4866.0,2734.0,-8161.0,6029.0
76,2021-03-09,51382.0,32664.0,15538.0,4557.0,8520.0,28127.0,45741.0,48222.0,5641.0,3160.0,-19607.0,17126.0
77,2021-03-02,48611.0,31825.0,15408.0,2114.0,9069.0,28048.0,43008.0,45571.0,5603.0,3041.0,-18979.0,16417.0
78,2021-02-23,48238.0,30422.0,15767.0,903.0,10393.0,28760.0,41718.0,45430.0,6520.0,2808.0,-18367.0,14655.0
79,2021-02-16,48121.0,30243.0,16525.0,884.0,10690.0,28141.0,41817.0,45550.0,6304.0,2571.0,-17451.0,13718.0
80,2021-02-09,48670.0,29133.0,17582.0,1082.0,11662.0,27334.0,41877.0,45998.0,6792.0,2672.0,-15672.0,11551.0
81,2021-02-02,50702.0,30501.0,18845.0,1288.0,12766.0,26713.0,44555.0,46845.0,6147.0,3856.0,-13947.0,11656.0
82,2021-01-26,46826.0,28177.0,13411.0,261.0,11733.0,29863.0,40171.0,43534.0,6655.0,3291.0,-18130.0,14766.0
83,2021-01-19,46262.0,27997.0,12011.0,1056.0,10475.0,30199.0,39528.0,43266.0,6734.0,2996.0,-19724.0,15986.0
84,2021-01-12,44767.0,26131.0,11419.0,566.0,11801.0,30019.0,38498.0,42004.0,6270.0,2763.0,-18218.0,14712.0
85,2021-01-05,47255.0,26552.0,14501.0,548.0,13051.0,29253.0,40151.0,44302.0,7103.0,2952.0,-16202.0,12051.0
86,2020-12-29,47973.0,27839.0,15255.0,422.0,13417.0,29372.0,41678.0,45049.0,6295.0,2924.0,-15955.0,12584.0
87,2020-12-21,48364.0,28710.0,15009.0,802.0,12722.0,29532.0,42234.0,45343.0,6130.0,3020.0,-16810.0,13701.0
88,2020-12-15,47454.0,28739.0,14501.0,283.0,12113.0,29904.0,41135.0,44688.0,6319.0,2766.0,-17791.0,14238.0
89,2020-12-08,61309.0,34730.0,24138.0,4042.0,16309.0,29748.0,55081.0,57928.0,6228.0,3381.0,-13439.0,10592.0
90,2020-12-01,55549.0,32904.0,23752.0,861.0,15323.0,27515.0,49087.0,52127.0,6462.0,3422.0,-12192.0,9152.0
91,2020-11-24,54803.0,32294.0,23896.0,830.0,15744.0,26966.0,48868.0,51691.0,5935.0,3111.0,-11222.0,8398.0
92,2020-11-17,50810.0,29359.0,20418.0,727.0,14910.0,26290.0,44996.0,47434.0,5814.0,3375.0,-11380.0,8941.0
93,2020-11-10,46135.0,25695.0,17920.0,582.0,14109.0,24378.0,40386.0,42880.0,5749.0,3255.0,-10269.0,7775.0
94,2020-11-03,40445.0,21903.0,14817.0,579.0,13124.0,21916.0,35606.0,37312.0,4839.0,3133.0,-8792.0,7086.0
95,2020-10-27,40441.0,22023.0,14991.0,542.0,13035.0,21996.0,35600.0,37528.0,4841.0,2912.0,-8961.0,7032.0
96,2020-10-20,37328.0,19897.0,13275.0,459.0,12339.0,20682.0,32695.0,34416.0,4633.0,2911.0,-8343.0,6622.0
97,2020-10-13,38219.0,20227.0,13737.0,561.0,12963.0,20833.0,33751.0,35131.0,4468.0,3088.0,-7870.0,6490.0
98,2020-10-06,34625.0,16755.0,11665.0,940.0,12465.0,19349.0,30160.0,31954.0,4465.0,2671.0,-6884.0,5090.0
99,2020-09-29,35936.0,17100.0,13771.0,900.0,13188.0,18410.0,31188.0,33081.0,4748.0,2855.0,-5222.0,3329.0
100,2020-09-22,35231.0,16700.0,11845.0,777.0,12271.0,19900.0,29748.0,32522.0,5483.0,2709.0,-7629.0,4855.0
101,2020-09-15,35846.0,18002.0,14762.0,466.0,12201.0,17549.0,30669.0,32777.0,5178.0,3069.0,-5348.0,3240.0
102,2020-09-08,44059.0,20109.0,15211.0,2546.0,16486.0,22988.0,39141.0,40745.0,4918.0,3313.0,-6502.0,4898.0
103,2020-09-01,40260.0,21434.0,14475.0,619.0,12856.0,21887.0,34909.0,36981.0,5351.0,3279.0,-9031.0,6959.0
104,2020-08-25,36688.0,19756.0,15572.0,850.0,11590.0,16866.0,32196.0,33289.0,4492.0,3400.0,-5276.0,4184.0
105,2020-08-18,38577.0,20513.0,16757.0,754.0,12706.0,17789.0,33973.0,35300.0,4603.0,3277.0,-5083.0,3756.0
106,2020-08-11,37537.0,17878.0,18060.0,796.0,14360.0,15217.0,33034.0,34073.0,4503.0,3463.0,-857.0,-182.0
107,2020-08-04,38510.0,18584.0,20036.0,625.0,14738.0,14661.0,33947.0,35322.0,4562.0,3187.0,77.0,-1452.0
108,2020-07-28,36154.0,17383.0,18233.0,531.0,13898.0,14094.0,31812.0,32858.0,4342.0,3296.0,-196.0,-850.0
109,2020-07-21,36109.0,19597.0,17126.0,528.0,11515.0,14693.0,31640.0,32347.0,4469.0,3762.0,-3178.0,2471.0
110,2020-07-14,33208.0,16973.0,15856.0,1204.0,10843.0,12332.0,29020.0,29392.0,4188.0,3816.0,-1489.0,1117.0
111,2020-07-07,31234.0,15806.0,16123.0,1141.0,10899.0,9996.0,27846.0,27260.0,3388.0,3974.0,903.0,-317.0
112,2020-06-30,30877.0,16314.0,15981.0,605.0,10362.0,10756.0,27281.0,27342.0,3596.0,3535.0,-394.0,333.0
113,2020-06-23,29401.0,16174.0,16203.0,657.0,9494.0,8936.0,26325.0,25796.0,3076.0,3605.0,558.0,-29.0
114,2020-06-16,27360.0,14452.0,16394.0,381.0,9512.0,6731.0,24345.0,23506.0,3015.0,3854.0,2781.0,-1942.0
115,2020-06-09,46764.0,15165.0,26406.0,858.0,27210.0,15583.0,43233.0,42847.0,3531.0,3918.0,11627.0,-11241.0
116,2020-06-02,46817.0,14238.0,27245.0,1150.0,28478.0,13311.0,43866.0,41706.0,2951.0,5111.0,15167.0,-13007.0
117,2020-05-26,45967.0,12213.0,27282.0,1089.0,29947.0,11946.0,43249.0,40317.0,2718.0,5650.0,18001.0,-15069.0
118,2020-05-19,44444.0,10738.0,26618.0,1176.0,30219.0,10479.0,42133.0,38273.0,2311.0,6171.0,19740.0,-15880.0
119,2020-05-12,45666.0,11946.0,27832.0,1093.0,30486.0,10670.0,43524.0,39595.0,2141.0,6071.0,19816.0,-15886.0
120,2020-05-05,44670.0,12035.0,26999.0,1010.0,30040.0,10584.0,43085.0,38593.0,1585.0,6077.0,19456.0,-14964.0
121,2020-04-28,41567.0,9847.0,23640.0,1122.0,28752.0,11217.0,39721.0,35979.0,1846.0,5588.0,17535.0,-13793.0
122,2020-04-21,39453.0,8274.0,22541.0,1285.0,28267.0,9898.0,37826.0,33724.0,1626.0,5729.0,18369.0,-14267.0
123,2020-04-14,40136.0,8933.0,23551.0,805.0,28334.0,10060.0,38073.0,34416.0,2064.0,5720.0,18274.0,-14618.0
124,2020-04-07,40699.0,9917.0,24621.0,1042.0,27721.0,9228.0,38679.0,34891.0,2020.0,5808.0,18493.0,-14704.0
125,2020-03-31,39736.0,7864.0,24146.0,1181.0,29173.0,8903.0,38219.0,34230.0,1517.0,5506.0,20270.0,-16282.0
126,2020-03-24,38573.0,6460.0,23009.0,1193.0,29377.0,8717.0,37031.0,32920.0,1542.0,5653.0,20660.0,-16549.0
127,2020-03-17,45623.0,9451.0,30251.0,1278.0,32964.0,12860.0,43694.0,44389.0,1930.0,1234.0,20104.0,-20800.0
128,2020-03-10,71770.0,20327.0,36040.0,3923.0,45454.0,26311.0,69704.0,66273.0,2066.0,5497.0,19143.0,-15713.0
129,2020-03-03,63548.0,20440.0,37465.0,1920.0,38684.0,18593.0,61045.0,57979.0,2503.0,5569.0,20091.0,-17025.0
130,2020-02-25,58826.0,18964.0,34305.0,1531.0,35217.0,17148.0,55712.0,52984.0,3114.0,5842.0,18069.0,-15341.0
131,2020-02-18,53061.0,17490.0,29672.0,1868.0,30430.0,15488.0,49788.0,47028.0,3273.0,6033.0,14942.0,-12182.0
132,2020-02-11,49171.0,19955.0,23969.0,2461.0,22754.0,16819.0,45169.0,43248.0,4002.0,5923.0,5935.0,-4014.0
133,2020-02-04,44344.0,19233.0,20791.0,1209.0,19496.0,16650.0,39939.0,38651.0,4406.0,5694.0,2846.0,-1558.0
134,2020-01-28,47084.0,23363.0,20822.0,1227.0,18687.0,20044.0,43277.0,42093.0,3807.0,4991.0,-1357.0,2541.0
135,2020-01-21,48721.0,24164.0,22104.0,1548.0,19110.0,20510.0,44822.0,44162.0,3900.0,4559.0,-1400.0,2060.0
136,2020-01-14,48988.0,24045.0,24231.0,1159.0,19588.0,18738.0,44792.0,44128.0,4195.0,4859.0,850.0,-186.0
137,2020-01-07,51134.0,27324.0,28682.0,809.0,18989.0,16640.0,47122.0,46130.0,4013.0,5004.0,2349.0,-1358.0
138,2019-12-31,49492.0,24289.0,29427.0,767.0,19071.0,14071.0,44127.0,44265.0,5365.0,5227.0,5000.0,-5138.0
139,2019-12-24,47334.0,19135.0,26889.0,266.0,24675.0,14423.0,44076.0,41578.0,3258.0,5757.0,10252.0,-7754.0
140,2019-12-17,44945.0,16363.0,24503.0,1059.0,24246.0,13664.0,41668.0,39226.0,3278.0,5719.0,10582.0,-8140.0
141,2019-12-10,75718.0,14513.0,39797.0,3570.0,54068.0,26640.0,72151.0,70007.0,3568.0,5711.0,27428.0,-25284.0
142,2019-12-03,72347.0,16725.0,43644.0,1399.0,50728.0,21721.0,68852.0,66764.0,3495.0,5583.0,29007.0,-26919.0
143,2019-11-26,71265.0,10685.0,46496.0,745.0,56786.0,18426.0,68215.0,65666.0,3049.0,5598.0,38360.0,-35811.0
144,2019-11-19,73703.0,12754.0,47840.0,893.0,57211.0,19348.0,70858.0,68081.0,2846.0,5622.0,37863.0,-35086.0
145,2019-11-12,79952.0,16816.0,52984.0,829.0,59163.0,20317.0,76808.0,74130.0,3144.0,5822.0,38846.0,-36168.0
146,2019-11-05,75812.0,14312.0,53398.0,997.0,57310.0,15707.0,72619.0,70102.0,3193.0,5710.0,41603.0,-39086.0
147,2019-10-29,72915.0,11570.0,52019.0,989.0,57148.0,14050.0,69707.0,67058.0,3208.0,5857.0,43098.0,-40449.0
148,2019-10-22,73925.0,12148.0,52406.0,1480.0,57514.0,14015.0,71142.0,67901.0,2783.0,6024.0,43499.0,-40258.0
149,2019-10-15,75237.0,14495.0,54440.0,982.0,56657.0,13874.0,72133.0,69295.0,3104.0,5942.0,42783.0,-39945.0
150,2019-10-08,74094.0,14274.0,52592.0,1664.0,55385.0,13827.0,71323.0,68083.0,2771.0,6012.0,41558.0,-38318.0
151,2019-10-01,75659.0,16041.0,58585.0,1159.0,55242.0,9977.0,72442.0,69722.0,3217.0,5938.0,45265.0,-42544.0
152,2019-09-24,75412.0,19443.0,59113.0,1074.0,51776.0,9486.0,72294.0,69674.0,3118.0,5739.0,42290.0,-39670.0
153,2019-09-17,68594.0,15759.0,51867.0,1007.0,49225.0,9760.0,65992.0,62635.0,2602.0,5960.0,39465.0,-36108.0
154,2019-09-10,73281.0,22494.0,52291.0,5780.0,42611.0,9571.0,70885.0,67642.0,2396.0,5639.0,33040.0,-29797.0
155,2019-09-03,67861.0,21045.0,51742.0,1761.0,42049.0,10097.0,64856.0,63600.0,3006.0,4261.0,31952.0,-30697.0
156,2019-08-27,64711.0,21118.0,47187.0,1473.0,37660.0,9905.0,60252.0,58565.0,4459.0,6146.0,27755.0,-26069.0
157,2019-08-20,62813.0,21031.0,39316.0,1168.0,37937.0,15884.0,60136.0,56368.0,2677.0,6445.0,22053.0,-18285.0
158,2019-08-13,59996.0,20410.0,33910.0,1115.0,35805.0,18488.0,57330.0,53513.0,2666.0,6483.0,17317.0,-13500.0
159,2019-08-06,57346.0,17891.0,29467.0,1885.0,34614.0,20103.0,54390.0,51456.0,2956.0,5890.0,14511.0,-11576.0
160,2019-07-30,53386.0,15114.0,27437.0,1239.0,34385.0,19150.0,50738.0,47826.0,2648.0,5560.0,15235.0,-12323.0
161,2019-07-23,54202.0,16028.0,28254.0,769.0,34367.0,18736.0,51164.0,47759.0,3039.0,6444.0,15631.0,-12226.0
162,2019-07-16,50032.0,10836.0,28158.0,948.0,35164.0,15270.0,46948.0,44376.0,3084.0,5656.0,19894.0,-17322.0
163,2019-07-09,54240.0,10481.0,32700.0,981.0,40089.0,14258.0,51551.0,47939.0,2690.0,6302.0,25831.0,-22219.0
164,2019-07-02,55036.0,11272.0,35307.0,790.0,40046.0,13204.0,52108.0,49301.0,2927.0,5734.0,26842.0,-24035.0
165,2019-06-25,61860.0,17611.0,41669.0,580.0,41324.0,12739.0,59515.0,54988.0,2345.0,6872.0,28585.0,-24058.0
166,2019-06-18,64289.0,19542.0,44032.0,344.0,41678.0,13387.0,61564.0,57763.0,2726.0,6526.0,28291.0,-24490.0
167,2019-06-11,62539.0,23072.0,39205.0,682.0,35417.0,16269.0,59171.0,56157.0,3368.0,6382.0,19148.0,-16133.0
168,2019-06-04,68799.0,23476.0,43873.0,4779.0,37657.0,14228.0,65912.0,62880.0,2887.0,5919.0,23429.0,-20397.0
169,2019-05-28,62033.0,24958.0,41144.0,569.0,33663.0,13887.0,59190.0,55600.0,2842.0,6433.0,19776.0,-16186.0
170,2019-05-21,58639.0,26406.0,37317.0,669.0,28642.0,14005.0,55716.0,51991.0,2922.0,6647.0,14637.0,-10911.0
171,2019-05-14,50309.0,19048.0,30525.0,672.0,27850.0,13148.0,47570.0,44346.0,2739.0,5963.0,14702.0,-11477.0
172,2019-05-07,48434.0,16284.0,29062.0,655.0,28648.0,12505.0,45587.0,42222.0,2847.0,6212.0,16143.0,-12778.0
173,2019-04-30,49303.0,19038.0,30521.0,510.0,27452.0,12220.0,47000.0,43251.0,2303.0,6052.0,15232.0,-11483.0
174,2019-04-23,45176.0,21367.0,26846.0,184.0,21017.0,12033.0,42568.0,39063.0,2608.0,6113.0,8984.0,-5479.0
175,2019-04-16,37817.0,17030.0,20266.0,473.0,17139.0,11492.0,34642.0,32231.0,3175.0,5585.0,5647.0,-3236.0
176,2019-04-09,37648.0,18911.0,20412.0,677.0,15031.0,11562.0,34619.0,32651.0,3029.0,4997.0,3469.0,-1501.0
177,2019-04-02,39183.0,20854.0,21262.0,574.0,14752.0,12678.0,36180.0,34514.0,3003.0,4669.0,2074.0,-408.0
178,2019-03-26,42648.0,22570.0,22775.0,772.0,15041.0,14976.0,38383.0,38522.0,4265.0,4126.0,65.0,-205.0
179,2019-03-19,36153.0,17301.0,18431.0,916.0,14514.0,12116.0,32731.0,31462.0,3422.0,4691.0,2398.0,-1130.0
180,2019-03-12,42328.0,20974.0,16377.0,2660.0,15196.0,17238.0,38830.0,36275.0,3498.0,6053.0,-2042.0,4597.0
181,2019-03-05,39327.0,20687.0,19262.0,1803.0,13871.0,13101.0,36361.0,34166.0,2966.0,5162.0,770.0,1425.0
182,2019-02-26,35430.0,18293.0,17383.0,968.0,12936.0,11957.0,32198.0,30309.0,3232.0,5120.0,979.0,910.0
183,2019-02-19,36787.0,18718.0,19466.0,892.0,14025.0,11155.0,33636.0,31514.0,3151.0,5273.0,2870.0,-748.0
184,2019-02-12,35955.0,17942.0,19154.0,531.0,14175.0,11009.0,32649.0,30695.0,3306.0,5260.0,3166.0,-1212.0
185,2019-02-05,34372.0,19354.0,18703.0,589.0,11193.0,10350.0,31136.0,29642.0,3236.0,4730.0,843.0,651.0
186,2019-01-29,31863.0,15005.0,17707.0,609.0,12786.0,8519.0,28401.0,26836.0,3462.0,5027.0,4267.0,-2702.0
187,2019-01-22,33255.0,15600.0,20026.0,434.0,14235.0,7502.0,30268.0,27962.0,2987.0,5293.0,6733.0,-4426.0
188,2019-01-15,30441.0,14216.0,17069.0,1032.0,11916.0,7286.0,27164.0,25387.0,3276.0,5053.0,4630.0,-2853.0
189,2019-01-08,29998.0,15088.0,16433.0,983.0,11156.0,6896.0,27227.0,24312.0,2771.0,5686.0,4260.0,-1345.0
190,2018-12-31,29922.0,18495.0,16310.0,916.0,7784.0,6801.0,27196.0,24027.0,2727.0,5896.0,983.0,2185.0
191,2018-12-24,28811.0,17951.0,15777.0,646.0,6961.0,6799.0,25558.0,23222.0,3253.0,5589.0,162.0,2174.0
192,2018-12-18,29826.0,18822.0,15281.0,932.0,6616.0,8200.0,26369.0,24414.0,3456.0,5412.0,-1584.0,3541.0
193,2018-12-11,62733.0,19146.0,34244.0,1494.0,37805.0,20847.0,58445.0,56585.0,4288.0,6147.0,16958.0,-15098.0
194,2018-12-04,56464.0,17694.0,38893.0,1056.0,33685.0,10915.0,52435.0,50864.0,4029.0,5600.0,22770.0,-21199.0
195,2018-11-27,54417.0,16374.0,36699.0,889.0,34348.0,11306.0,51610.0,48894.0,2807.0,5523.0,23042.0,-20325.0
196,2018-11-20,53886.0,15489.0,34615.0,1270.0,34249.0,11930.0,51008.0,47815.0,2878.0,6071.0,22319.0,-19126.0
197,2018-11-13,50017.0,11138.0,32006.0,663.0,35471.0,11479.0,47273.0,44149.0,2744.0,5869.0,23992.0,-20868.0
198,2018-11-06,51291.0,10432.0,36160.0,603.0,37808.0,8556.0,48843.0,45319.0,2448.0,5972.0,29252.0,-25728.0
199,2018-10-30,59720.0,8956.0,43987.0,1007.0,47500.0,8402.0,57463.0,53396.0,2257.0,6324.0,39098.0,-35031.0
200,2018-10-23,58685.0,9634.0,42682.0,995.0,45637.0,8365.0,56266.0,52042.0,2419.0,6643.0,37272.0,-33048.0
201,2018-10-16,62493.0,11136.0,46548.0,1047.0,48266.0,8065.0,60449.0,55660.0,2044.0,6833.0,40201.0,-35412.0
202,2018-10-09,64711.0,15418.0,49238.0,864.0,46161.0,8119.0,62443.0,58221.0,2268.0,6490.0,38042.0,-33820.0
203,2018-10-02,56448.0,10678.0,41274.0,1210.0,42586.0,7291.0,54474.0,49775.0,1974.0,6673.0,35295.0,-30596.0
204,2018-09-25,56994.0,10906.0,42741.0,927.0,43141.0,7615.0,54974.0,51283.0,2020.0,5711.0,35526.0,-31835.0
205,2018-09-18,57429.0,11021.0,43010.0,900.0,43348.0,7423.0,55269.0,51333.0,2160.0,6096.0,35925.0,-31989.0
206,2018-09-11,59669.0,19408.0,42055.0,1504.0,35959.0,9011.0,56871.0,52570.0,2798.0,7099.0,26948.0,-22647.0
207,2018-09-04,55781.0,16291.0,41185.0,851.0,36071.0,7252.0,53213.0,49288.0,2568.0,6493.0,28819.0,-24894.0
208,2018-08-28,54564.0,16445.0,40372.0,768.0,35083.0,6922.0,52296.0,48062.0,2268.0,6502.0,28161.0,-23927.0
209,2018-08-21,55473.0,15665.0,40808.0,1261.0,36280.0,6304.0,53206.0,48373.0,2267.0,7100.0,29976.0,-25143.0
210,2018-08-14,56128.0,15723.0,42416.0,726.0,36454.0,5868.0,52903.0,49010.0,3225.0,7118.0,30586.0,-26693.0
211,2018-08-07,51319.0,14051.0,38578.0,216.0,34151.0,5503.0,48418.0,44297.0,2901.0,7022.0,28648.0,-24527.0
212,2018-07-31,51816.0,14454.0,38134.0,1207.0,33887.0,5622.0,49548.0,44963.0,2268.0,6853.0,28265.0,-23680.0
213,2018-07-24,51898.0,14977.0,39347.0,730.0,33704.0,5488.0,49411.0,45565.0,2487.0,6333.0,28216.0,-24370.0
214,2018-07-17,53254.0,15392.0,40459.0,565.0,34818.0,5596.0,50775.0,46620.0,2479.0,6634.0,29222.0,-25067.0
215,2018-07-10,52787.0,13170.0,39744.0,488.0,36806.0,5564.0,50464.0,45796.0,2323.0,6991.0,31242.0,-26574.0
216,2018-07-03,53676.0,14522.0,40926.0,458.0,35812.0,5470.0,50792.0,46854.0,2884.0,6822.0,30342.0,-26404.0
217,2018-06-26,45026.0,14898.0,32460.0,288.0,27617.0,5563.0,42803.0,38311.0,2223.0,6715.0,22054.0,-17562.0
218,2018-06-19,43308.0,14656.0,30596.0,406.0,26057.0,5726.0,41119.0,36728.0,2189.0,6580.0,20331.0,-15940.0
219,2018-06-12,64699.0,34836.0,27830.0,461.0,26548.0,30169.0,61845.0,58460.0,2854.0,6239.0,-3621.0,7006.0
220,2018-06-05,62065.0,33307.0,28924.0,1139.0,25033.0,25708.0,59479.0,55771.0,2586.0,6294.0,-675.0,4383.0
221,2018-05-29,62523.0,30945.0,29544.0,489.0,28432.0,25946.0,59866.0,55979.0,2657.0,6544.0,2486.0,1401.0
222,2018-05-22,60456.0,27077.0,28440.0,446.0,30170.0,25753.0,57693.0,54639.0,2763.0,5817.0,4417.0,-1363.0
223,2018-05-15,59874.0,28754.0,26801.0,440.0,27040.0,26376.0,56234.0,53617.0,3640.0,6257.0,664.0,1953.0
224,2018-05-08,49725.0,29004.0,16458.0,258.0,17097.0,27381.0,46359.0,44097.0,3366.0,5628.0,-10284.0,12546.0
225,2018-05-01,47605.0,29899.0,13326.0,341.0,12885.0,28871.0,43125.0,42538.0,4480.0,5067.0,-15986.0,16573.0
226,2018-04-24,55385.0,39933.0,15499.0,346.0,10134.0,35435.0,50413.0,51280.0,4972.0,4105.0,-25301.0,24434.0
227,2018-04-17,61437.0,47255.0,19652.0,100.0,8824.0,37695.0,56179.0,57447.0,5258.0,3990.0,-28871.0,27603.0
228,2018-04-10,55938.0,41652.0,18825.0,97.0,8942.0,32435.0,50691.0,51357.0,5247.0,4581.0,-23493.0,22827.0
229,2018-04-03,47079.0,32948.0,14571.0,359.0,8792.0,27497.0,42099.0,42427.0,4980.0,4652.0,-18705.0,18377.0
230,2018-03-27,46728.0,32749.0,14510.0,315.0,8671.0,27208.0,41735.0,42033.0,4993.0,4695.0,-18537.0,18239.0
231,2018-03-20,44482.0,31078.0,11452.0,429.0,7641.0,28418.0,39148.0,40299.0,5334.0,4183.0,-20777.0,19626.0
232,2018-03-13,66872.0,34689.0,37505.0,289.0,26030.0,24804.0,61008.0,62598.0,5864.0,4274.0,1226.0,-2816.0
233,2018-03-06,59354.0,33091.0,33061.0,554.0,20365.0,21539.0,54010.0,55154.0,5344.0,4200.0,-1174.0,30.0
234,2018-02-27,58443.0,32179.0,33170.0,931.0,20539.0,20242.0,53649.0,54343.0,4794.0,4100.0,297.0,-991.0
235,2018-02-20,54483.0,29422.0,28478.0,319.0,19901.0,21246.0,49642.0,50043.0,4841.0,4440.0,-1345.0,944.0
236,2018-02-13,53739.0,28648.0,26428.0,233.0,20176.0,22882.0,49057.0,49543.0,4682.0,4196.0,-2706.0,2220.0
237,2018-02-06,55563.0,29316.0,25984.0,299.0,20980.0,25238.0,50595.0,51521.0,4968.0,4042.0,-4258.0,3332.0
238,2018-01-30,55783.0,29667.0,26197.0,200.0,21254.0,26259.0,51121.0,52656.0,4662.0,3127.0,-5005.0,3470.0
239,2018-01-23,53374.0,24620.0,26086.0,1594.0,22850.0,21606.0,49064.0,49286.0,4310.0,4088.0,1244.0,-1466.0
240,2018-01-16,46780.0,17795.0,25786.0,861.0,23916.0,16189.0,42572.0,42836.0,4208.0,3944.0,7727.0,-7991.0
241,2018-01-09,45519.0,17304.0,28321.0,194.0,24560.0,12630.0,42058.0,41145.0,3461.0,4374.0,11930.0,-11017.0
242,2018-01-02,45141.0,15509.0,32494.0,703.0,25888.0,7241.0,42100.0,40438.0,3041.0,4703.0,18647.0,-16985.0
243,2017-12-26,47219.0,18140.0,35726.0,324.0,26015.0,6394.0,44479.0,42444.0,2740.0,4775.0,19621.0,-17586.0
244,2017-12-19,48385.0,19456.0,36075.0,455.0,25914.0,7175.0,45825.0,43705.0,2560.0,4680.0,18739.0,-16619.0
245,2017-12-12,74192.0,23811.0,37239.0,3437.0,41601.0,25169.0,68849.0,65845.0,5343.0,8347.0,16432.0,-13428.0
246,2017-12-05,61386.0,24228.0,37121.0,1796.0,32042.0,17057.0,58066.0,55974.0,3320.0,5412.0,14985.0,-12893.0
247,2017-11-28,61260.0,23960.0,37982.0,1127.0,32751.0,16550.0,57838.0,55659.0,3422.0,5601.0,16201.0,-14022.0
248,2017-11-21,59737.0,22489.0,35883.0,773.0,33075.0,16825.0,56337.0,53481.0,3400.0,6256.0,16250.0,-13394.0
249,2017-11-14,53690.0,18146.0,30037.0,1221.0,31070.0,16667.0,50437.0,47925.0,3253.0,5765.0,14403.0,-11891.0
250,2017-11-07,52072.0,18943.0,30130.0,680.0,28662.0,15939.0,48285.0,46749.0,3787.0,5323.0,12723.0,-11187.0
251,2017-10-31,49610.0,21763.0,27470.0,786.0,23224.0,15764.0,45773.0,44020.0,3837.0,5590.0,7460.0,-5707.0
252,2017-10-24,41185.0,20549.0,19938.0,600.0,15287.0,15808.0,36436.0,36346.0,4749.0,4839.0,-521.0,611.0
253,2017-10-17,33757.0,20423.0,13446.0,717.0,8147.0,15703.0,29287.0,29866.0,4470.0,3891.0,-7556.0,6977.0
254,2017-10-10,36460.0,21529.0,15800.0,580.0,9752.0,16302.0,31861.0,32682.0,4599.0,3778.0,-6550.0,5729.0
255,2017-10-03,34175.0,20928.0,12810.0,272.0,7575.0,17246.0,28775.0,30328.0,5400.0,3847.0,-9671.0,8118.0
256,2017-09-26,35914.0,22369.0,14316.0,286.0,7499.0,17287.0,30154.0,31889.0,5760.0,4025.0,-9788.0,8053.0
257,2017-09-19,37073.0,23248.0,16578.0,151.0,8494.0,17167.0,31893.0,33896.0,5180.0,3177.0,-8673.0,6670.0
258,2017-09-12,49256.0,25150.0,12800.0,1357.0,17154.0,31698.0,43661.0,45855.0,5595.0,3401.0,-14544.0,12350.0
259,2017-09-05,46094.0,26773.0,12050.0,1601.0,12532.0,29056.0,40906.0,42707.0,5188.0,3387.0,-16524.0,14723.0
260,2017-08-29,43732.0,29002.0,10198.0,747.0,8363.0,29667.0,38112.0,40612.0,5620.0,3120.0,-21304.0,18804.0
261,2017-08-22,44090.0,29590.0,7708.0,1065.0,7153.0,31773.0,37808.0,40546.0,6282.0,3544.0,-24620.0,21882.0
262,2017-08-15,48413.0,33509.0,8670.0,672.0,7975.0,35560.0,42156.0,44902.0,6257.0,3511.0,-27585.0,24839.0
263,2017-08-08,53151.0,40241.0,6756.0,706.0,5948.0,41840.0,46895.0,49302.0,6256.0,3849.0,-35892.0,33485.0
264,2017-08-01,54968.0,41531.0,6593.0,415.0,6595.0,44162.0,48541.0,51170.0,6427.0,3798.0,-37567.0,34938.0
265,2017-07-25,54603.0,41221.0,6416.0,18.0,6720.0,43900.0,47959.0,50334.0,6644.0,4269.0,-37180.0,34805.0
266,2017-07-18,57496.0,44257.0,8276.0,320.0,6678.0,44798.0,51255.0,53394.0,6241.0,4102.0,-38120.0,35981.0
267,2017-07-11,58499.0,45435.0,13530.0,464.0,6414.0,39769.0,52313.0,53763.0,6186.0,4736.0,-33355.0,31905.0
268,2017-07-03,57560.0,44484.0,15351.0,142.0,6245.0,37544.0,50871.0,53037.0,6689.0,4523.0,-31299.0,29133.0
269,2017-06-27,57424.0,45001.0,19768.0,97.0,6381.0,32706.0,51479.0,52571.0,5945.0,4853.0,-26325.0,25233.0
270,2017-06-20,50095.0,38388.0,16933.0,457.0,5794.0,28533.0,44639.0,45923.0,5456.0,4172.0,-22739.0,21455.0
271,2017-06-13,53576.0,27261.0,25666.0,1405.0,19392.0,21735.0,48058.0,48806.0,5518.0,4770.0,-2343.0,1595.0
272,2017-06-06,43814.0,19348.0,21133.0,553.0,19481.0,17500.0,39382.0,39186.0,4432.0,4628.0,1981.0,-1785.0
273,2017-05-30,44203.0,16886.0,22425.0,423.0,23102.0,16391.0,40411.0,39239.0,3792.0,4964.0,6711.0,-5539.0
274,2017-05-23,44165.0,14018.0,23235.0,433.0,26465.0,15418.0,40916.0,39086.0,3249.0,5079.0,11047.0,-9217.0
275,2017-05-16,45187.0,11918.0,23872.0,336.0,29921.0,15501.0,42175.0,39709.0,3012.0,5478.0,14420.0,-11954.0
276,2017-05-09,44057.0,12070.0,22856.0,216.0,28766.0,15658.0,41052.0,38730.0,3005.0,5327.0,13108.0,-10786.0
277,2017-05-02,43368.0,19190.0,31160.0,291.0,20814.0,6587.0,40295.0,38038.0,3073.0,5330.0,14227.0,-11970.0
278,2017-04-25,43947.0,18693.0,34097.0,267.0,21564.0,5009.0,40524.0,39373.0,3423.0,4574.0,16555.0,-15404.0
279,2017-04-18,43061.0,18320.0,33326.0,360.0,20734.0,4977.0,39414.0,38663.0,3647.0,4398.0,15757.0,-15006.0
280,2017-04-11,43375.0,19008.0,34161.0,360.0,20290.0,4320.0,39658.0,38841.0,3717.0,4534.0,15970.0,-15153.0
281,2017-04-04,40904.0,17009.0,31733.0,354.0,19914.0,4502.0,37277.0,36589.0,3627.0,4315.0,15412.0,-14724.0
282,2017-03-28,37949.0,16216.0,28845.0,454.0,18032.0,4663.0,34702.0,33962.0,3247.0,3987.0,13369.0,-12629.0
283,2017-03-21,37898.0,16599.0,29209.0,235.0,17942.0,4442.0,34776.0,33886.0,3122.0,4012.0,13500.0,-12610.0
284,2017-03-14,34986.0,19509.0,25114.0,60.0,11330.0,5927.0,30899.0,31101.0,4087.0,3885.0,5403.0,-5605.0
285,2017-03-07,51405.0,27207.0,31632.0,1224.0,17135.0,14883.0,45566.0,47739.0,5839.0,3666.0,2252.0,-4425.0
286,2017-02-28,57102.0,37198.0,34261.0,220.0,14536.0,19877.0,51954.0,54358.0,5148.0,2744.0,-5341.0,2937.0
287,2017-02-21,55082.0,35252.0,32094.0,227.0,14632.0,19503.0,50111.0,51824.0,4971.0,3258.0,-4871.0,3158.0
288,2017-02-14,56314.0,36565.0,33689.0,276.0,14467.0,19525.0,51308.0,53490.0,5006.0,2824.0,-5058.0,2876.0
289,2017-02-07,54073.0,34860.0,33015.0,11.0,14090.0,17751.0,48961.0,50777.0,5112.0,3296.0,-3661.0,1845.0
290,2017-01-31,51587.0,32712.0,33734.0,7.0,13518.0,14149.0,46237.0,47890.0,5350.0,3697.0,-631.0,-1022.0
291,2017-01-24,44940.0,25851.0,35734.0,38.0,14606.0,5809.0,40495.0,41581.0,4445.0,3359.0,8797.0,-9883.0
292,2017-01-17,45994.0,25517.0,37805.0,39.0,16566.0,4544.0,42122.0,42388.0,3872.0,3606.0,12022.0,-12288.0
293,2017-01-10,43936.0,22989.0,36949.0,154.0,17423.0,3672.0,40566.0,40775.0,3370.0,3161.0,13751.0,-13960.0
294,2017-01-03,44227.0,25522.0,36935.0,38.0,15554.0,3414.0,41114.0,40387.0,3113.0,3840.0,12140.0,-11413.0
295,2016-12-27,43266.0,25448.0,36449.0,206.0,14716.0,2984.0,40370.0,39639.0,2896.0,3627.0,11732.0,-11001.0
296,2016-12-20,41806.0,28313.0,35266.0,249.0,9684.0,3149.0,38246.0,38664.0,3560.0,3142.0,6535.0,-6953.0
297,2016-12-13,54226.0,29402.0,33104.0,2034.0,18064.0,15942.0,49500.0,51080.0,4726.0,3146.0,2122.0,-3702.0
298,2016-12-06,48740.0,27641.0,31593.0,275.0,16585.0,14267.0,44501.0,46135.0,4239.0,2605.0,2318.0,-3952.0
299,2016-11-29,49885.0,30231.0,32103.0,345.0,15554.0,13979.0,46130.0,46427.0,3755.0,3458.0,1575.0,-1872.0
300,2016-11-22,50007.0,31779.0,32312.0,543.0,13359.0,13882.0,45681.0,46737.0,4326.0,3270.0,-523.0,-533.0
301,2016-11-15,48563.0,33547.0,31504.0,494.0,9845.0,13582.0,43886.0,45580.0,4677.0,2983.0,-3737.0,2043.0
302,2016-11-08,52113.0,36124.0,33619.0,157.0,9833.0,14127.0,46114.0,47903.0,5999.0,4210.0,-4294.0,2505.0
303,2016-11-01,46788.0,28557.0,29522.0,371.0,13015.0,13448.0,41943.0,43341.0,4845.0,3447.0,-433.0,-965.0
304,2016-10-25,47257.0,29504.0,29924.0,116.0,12928.0,13816.0,42548.0,43856.0,4709.0,3401.0,-888.0,-420.0
305,2016-10-18,47413.0,29513.0,29666.0,158.0,12805.0,13729.0,42476.0,43553.0,4937.0,3860.0,-924.0,-153.0
306,2016-10-11,47124.0,30962.0,38698.0,199.0,10585.0,4586.0,41746.0,43483.0,5378.0,3641.0,5999.0,-7736.0
307,2016-10-04,49242.0,32224.0,40054.0,78.0,10859.0,5712.0,43161.0,45844.0,6081.0,3398.0,5147.0,-7830.0
308,2016-09-27,49416.0,34159.0,40952.0,75.0,9649.0,4995.0,43883.0,46022.0,5533.0,3394.0,4654.0,-6793.0
309,2016-09-20,49526.0,34778.0,42694.0,73.0,9079.0,3156.0,43930.0,45923.0,5596.0,3603.0,5923.0,-7916.0
310,2016-09-13,61941.0,34900.0,29771.0,10545.0,10563.0,18029.0,56008.0,58345.0,5933.0,3596.0,-7466.0,5129.0
311,2016-09-06,51939.0,37243.0,31115.0,77.0,8475.0,16386.0,45795.0,47578.0,6144.0,4361.0,-7911.0,6128.0
312,2016-08-30,46496.0,31747.0,29854.0,333.0,8751.0,12285.0,40831.0,42472.0,5665.0,4024.0,-3534.0,1893.0
313,2016-08-23,44393.0,29926.0,30804.0,117.0,9141.0,9758.0,39184.0,40679.0,5209.0,3714.0,-617.0,-878.0
314,2016-08-16,43268.0,28980.0,29675.0,127.0,8865.0,9909.0,37972.0,39711.0,5296.0,3557.0,-1044.0,-695.0
315,2016-08-09,41475.0,28314.0,28927.0,380.0,7865.0,9045.0,36559.0,38352.0,4916.0,3123.0,-1180.0,-613.0
316,2016-08-02,40392.0,27049.0,26832.0,327.0,7911.0,9898.0,35287.0,37057.0,5105.0,3335.0,-1987.0,217.0
317,2016-07-26,39825.0,26598.0,26383.0,223.0,8610.0,9833.0,35431.0,36439.0,4394.0,3386.0,-1223.0,215.0
318,2016-07-19,41199.0,29156.0,26983.0,348.0,7029.0,11129.0,36533.0,38460.0,4666.0,2739.0,-4100.0,2173.0
319,2016-07-12,44750.0,31694.0,30683.0,49.0,7455.0,11110.0,39198.0,41842.0,5552.0,2908.0,-3655.0,1011.0
320,2016-07-05,44234.0,30606.0,32009.0,419.0,8336.0,8965.0,39361.0,41393.0,4873.0,2841.0,-629.0,-1403.0
321,2016-06-28,43462.0,29798.0,32624.0,24.0,8594.0,8316.0,38416.0,40964.0,5046.0,2498.0,278.0,-2826.0
322,2016-06-21,43562.0,30013.0,33058.0,118.0,8232.0,7418.0,38363.0,40594.0,5199.0,2968.0,814.0,-3045.0
323,2016-06-14,41919.0,29558.0,33376.0,24.0,7076.0,5538.0,36658.0,38938.0,5261.0,2981.0,1538.0,-3818.0
324,2016-06-07,57750.0,38562.0,30026.0,4671.0,9710.0,19654.0,52943.0,54351.0,4807.0,3399.0,-9944.0,8536.0
325,2016-05-31,44604.0,31919.0,26415.0,129.0,9061.0,14500.0,41109.0,41044.0,3495.0,3560.0,-5439.0,5504.0
326,2016-05-24,42189.0,30414.0,25838.0,264.0,8040.0,12224.0,38718.0,38326.0,3471.0,3863.0,-4184.0,4576.0
327,2016-05-17,43986.0,32545.0,25857.0,303.0,7388.0,14213.0,40236.0,40373.0,3750.0,3613.0,-6825.0,6688.0
328,2016-05-10,45419.0,33573.0,24221.0,280.0,7951.0,17640.0,41804.0,42141.0,3615.0,3278.0,-9689.0,9352.0
329,2016-05-03,36578.0,25306.0,16106.0,61.0,6791.0,17334.0,32158.0,33501.0,4420.0,3077.0,-10543.0,9200.0
330,2016-04-26,33789.0,24459.0,17075.0,80.0,4851.0,14224.0,29390.0,31379.0,4399.0,2410.0,-9373.0,7384.0
331,2016-04-19,31313.0,22674.0,17323.0,118.0,4673.0,10632.0,27465.0,28073.0,3848.0,3240.0,-5959.0,5351.0
332,2016-04-12,29575.0,21472.0,17180.0,48.0,4666.0,8640.0,26186.0,25868.0,3389.0,3707.0,-3974.0,4292.0
333,2016-04-05,28309.0,20152.0,17249.0,34.0,4971.0,7764.0,25157.0,25047.0,3152.0,3262.0,-2793.0,2903.0
334,2016-03-29,28248.0,20255.0,18381.0,218.0,4700.0,6357.0,25173.0,24956.0,3075.0,3292.0,-1657.0,1874.0
335,2016-03-22,27163.0,19375.0,18358.0,148.0,4040.0,5493.0,23563.0,23999.0,3600.0,3164.0,-1453.0,1017.0
336,2016-03-15,28451.0,20524.0,19234.0,552.0,5082.0,4797.0,26158.0,24583.0,2293.0,3868.0,285.0,1290.0
337,2016-03-08,34957.0,20419.0,22419.0,2372.0,9122.0,6897.0,31913.0,31688.0,3044.0,3269.0,2225.0,-2000.0
338,2016-03-01,31473.0,16593.0,20750.0,196.0,12386.0,6500.0,29175.0,27446.0,2298.0,4027.0,5886.0,-4157.0
339,2016-02-23,32618.0,15968.0,22583.0,171.0,13626.0,6031.0,29765.0,28785.0,2853.0,3833.0,7595.0,-6615.0
340,2016-02-16,33596.0,14465.0,22782.0,364.0,16161.0,6295.0,30990.0,29441.0,2606.0,4155.0,9866.0,-8317.0
341,2016-02-09,33544.0,13666.0,22805.0,414.0,16620.0,6621.0,30700.0,29840.0,2844.0,3704.0,9999.0,-9139.0
342,2016-02-02,30979.0,13492.0,21928.0,392.0,14585.0,4046.0,28469.0,26366.0,2510.0,4613.0,10539.0,-8436.0
343,2016-01-26,30437.0,15166.0,20566.0,335.0,12538.0,4207.0,28039.0,25108.0,2398.0,5329.0,8331.0,-5400.0
344,2016-01-19,28114.0,14938.0,17892.0,344.0,10398.0,4395.0,25680.0,22631.0,2434.0,5483.0,6003.0,-2954.0
345,2016-01-12,25434.0,17149.0,15608.0,197.0,5297.0,4977.0,22643.0,20782.0,2791.0,4652.0,320.0,1541.0
346,2016-01-05,24928.0,16842.0,15263.0,111.0,5142.0,5078.0,22095.0,20452.0,2833.0,4476.0,64.0,1579.0
347,2015-12-29,24587.0,14971.0,15117.0,103.0,6004.0,5148.0,21078.0,20368.0,3509.0,4219.0,856.0,-146.0
348,2015-12-22,24057.0,14946.0,15167.0,211.0,6207.0,4514.0,21364.0,19892.0,2693.0,4165.0,1693.0,-221.0
349,2015-12-15,23626.0,16346.0,15227.0,102.0,4713.0,4255.0,21161.0,19584.0,2465.0,4042.0,458.0,1119.0
350,2015-12-08,38425.0,24452.0,15571.0,1003.0,10251.0,17357.0,35706.0,33931.0,2719.0,4494.0,-7106.0,8881.0
351,2015-12-01,36623.0,22881.0,18124.0,403.0,10658.0,12451.0,33942.0,30978.0,2681.0,5645.0,-1793.0,4757.0
352,2015-11-24,35099.0,22603.0,18593.0,264.0,10292.0,10740.0,33159.0,29597.0,1940.0,5502.0,-448.0,4010.0
353,2015-11-17,34899.0,22219.0,16971.0,478.0,10212.0,11113.0,32909.0,28562.0,1990.0,6337.0,-901.0,5248.0
354,2015-11-10,33719.0,21267.0,15703.0,365.0,9798.0,12013.0,31430.0,28081.0,2289.0,5638.0,-2215.0,5564.0
355,2015-11-03,32539.0,21266.0,14648.0,102.0,9013.0,13079.0,30381.0,27829.0,2158.0,4710.0,-4066.0,6618.0
356,2015-10-27,31743.0,20339.0,14750.0,102.0,9123.0,12152.0,29564.0,27004.0,2179.0,4739.0,-3029.0,5589.0
357,2015-10-20,30142.0,19447.0,15688.0,67.0,8216.0,9634.0,27730.0,25389.0,2412.0,4753.0,-1418.0,3759.0
358,2015-10-13,29038.0,18344.0,17652.0,75.0,8794.0,5958.0,27213.0,23685.0,1825.0,5353.0,2836.0,692.0
359,2015-10-06,31930.0,18357.0,19328.0,200.0,11860.0,6426.0,30417.0,25954.0,1513.0,5976.0,5434.0,-971.0
360,2015-09-29,34105.0,20995.0,24057.0,201.0,11339.0,4392.0,32535.0,28650.0,1570.0,5455.0,6947.0,-3062.0
361,2015-09-22,35920.0,22990.0,26519.0,224.0,11126.0,3286.0,34340.0,30029.0,1580.0,5891.0,7840.0,-3529.0
362,2015-09-15,33352.0,22462.0,24556.0,223.0,9043.0,3282.0,31728.0,28061.0,1624.0,5291.0,5761.0,-2094.0
363,2015-09-08,38325.0,11677.0,23497.0,2285.0,22252.0,6572.0,36214.0,32354.0,2111.0,5971.0,15680.0,-11820.0
364,2015-09-01,34339.0,13543.0,21822.0,336.0,18292.0,6027.0,32171.0,28185.0,2168.0,6154.0,12265.0,-8279.0
365,2015-08-25,33400.0,15388.0,21451.0,181.0,15789.0,6103.0,31358.0,27735.0,2042.0,5665.0,9686.0,-6063.0
366,2015-08-18,36523.0,14012.0,23969.0,332.0,20025.0,6344.0,34369.0,30645.0,2154.0,5878.0,13681.0,-9957.0
367,2015-08-11,36861.0,13931.0,24503.0,192.0,20282.0,5906.0,34405.0,30601.0,2456.0,6260.0,14376.0,-10572.0
368,2015-08-04,38530.0,14391.0,26290.0,219.0,21363.0,5422.0,35973.0,31931.0,2557.0,6599.0,15941.0,-11899.0
369,2015-07-28,37487.0,13550.0,26315.0,233.0,21230.0,4189.0,35013.0,30737.0,2474.0,6750.0,17041.0,-12765.0
370,2015-07-21,38544.0,13200.0,29154.0,270.0,22843.0,2306.0,36313.0,31730.0,2231.0,6814.0,20537.0,-15954.0
371,2015-07-14,42311.0,13504.0,33158.0,365.0,25907.0,2370.0,39776.0,35893.0,2535.0,6418.0,23537.0,-19654.0
372,2015-07-07,42873.0,14679.0,33027.0,713.0,24535.0,2371.0,39927.0,36111.0,2946.0,6762.0,22164.0,-18348.0
373,2015-06-30,43256.0,16949.0,33015.0,681.0,22781.0,2618.0,40411.0,36314.0,2845.0,6942.0,20163.0,-16066.0
374,2015-06-23,42911.0,19661.0,33224.0,693.0,19844.0,2338.0,40198.0,36255.0,2713.0,6656.0,17506.0,-13563.0
375,2015-06-16,37169.0,19382.0,28550.0,635.0,14652.0,1954.0,34669.0,31139.0,2500.0,6030.0,12698.0,-9168.0
376,2015-06-09,36911.0,11097.0,22892.0,2101.0,21258.0,6226.0,34456.0,31219.0,2455.0,5692.0,15032.0,-11795.0
377,2015-06-02,33005.0,9432.0,19971.0,1195.0,19500.0,6313.0,30127.0,27479.0,2878.0,5526.0,13187.0,-10539.0
378,2015-05-26,28514.0,10426.0,15513.0,715.0,14925.0,7265.0,26066.0,23493.0,2448.0,5021.0,7660.0,-5087.0
379,2015-05-19,26331.0,11192.0,13423.0,550.0,11720.0,8044.0,23462.0,22017.0,2869.0,4314.0,3676.0,-2231.0
380,2015-05-12,25525.0,14268.0,12498.0,570.0,7678.0,8233.0,22516.0,21301.0,3009.0,4224.0,-555.0,1770.0
381,2015-05-05,28379.0,19585.0,10521.0,829.0,4813.0,13039.0,25227.0,24389.0,3152.0,3990.0,-8226.0,9064.0
382,2015-04-28,28071.0,18281.0,8101.0,911.0,5134.0,15431.0,24326.0,24443.0,3745.0,3628.0,-10297.0,10180.0
383,2015-04-21,26617.0,18473.0,9985.0,433.0,4241.0,11950.0,23147.0,22368.0,3470.0,4249.0,-7709.0,8488.0
384,2015-04-14,25176.0,17081.0,11078.0,537.0,4579.0,9134.0,22197.0,20749.0,2979.0,4427.0,-4555.0,6003.0
385,2015-04-07,24920.0,16950.0,11172.0,499.0,4489.0,8929.0,21938.0,20600.0,2982.0,4320.0,-4440.0,5778.0
386,2015-03-31,24049.0,16443.0,12412.0,506.0,4473.0,5776.0,21422.0,18694.0,2627.0,5355.0,-1303.0,4031.0
387,2015-03-24,20958.0,12149.0,13015.0,632.0,5470.0,2413.0,18251.0,16060.0,2707.0,4898.0,3057.0,-866.0
388,2015-03-17,23317.0,13117.0,14258.0,743.0,7155.0,2711.0,21015.0,17712.0,2302.0,5605.0,4444.0,-1141.0
389,2015-03-10,29726.0,13347.0,15827.0,2945.0,11646.0,4560.0,27938.0,23332.0,1788.0,6394.0,7086.0,-2480.0
390,2015-03-03,27611.0,14597.0,15964.0,1430.0,9773.0,4434.0,25800.0,21828.0,1811.0,5783.0,5339.0,-1367.0
391,2015-02-24,27329.0,11107.0,15437.0,875.0,13392.0,4561.0,25374.0,20873.0,1955.0,6456.0,8831.0,-4330.0
392,2015-02-17,27701.0,10021.0,15774.0,779.0,14702.0,4543.0,25502.0,21096.0,2199.0,6605.0,10159.0,-5753.0
393,2015-02-10,26594.0,9272.0,15472.0,141.0,15243.0,4125.0,24656.0,19738.0,1938.0,6856.0,11118.0,-6200.0
394,2015-02-03,25687.0,10537.0,15034.0,159.0,13108.0,3821.0,23804.0,19014.0,1883.0,6673.0,9287.0,-4497.0
395,2015-01-27,25594.0,11908.0,15567.0,295.0,11093.0,3581.0,23296.0,19443.0,2298.0,6151.0,7512.0,-3659.0
396,2015-01-20,22818.0,10941.0,12758.0,356.0,7997.0,4228.0,19294.0,17342.0,3524.0,5476.0,3769.0,-1817.0
397,2015-01-13,21064.0,8396.0,10172.0,567.0,9158.0,3839.0,18121.0,14578.0,2943.0,6486.0,5319.0,-1776.0
398,2015-01-06,19437.0,9865.0,10772.0,472.0,6679.0,2816.0,17016.0,14060.0,2421.0,5377.0,3863.0,-907.0
399,2014-12-30,18071.0,8236.0,10082.0,327.0,6733.0,2636.0,15296.0,13045.0,2775.0,5026.0,4097.0,-1846.0
400,2014-12-23,19295.0,9786.0,11194.0,370.0,7099.0,2655.0,17255.0,14219.0,2040.0,5076.0,4444.0,-1408.0
401,2014-12-16,18447.0,9865.0,10504.0,353.0,5858.0,2611.0,16076.0,13468.0,2371.0,4979.0,3247.0,-639.0
402,2014-12-09,23550.0,9786.0,12081.0,715.0,10974.0,5042.0,21475.0,17838.0,2075.0,5712.0,5932.0,-2295.0
403,2014-12-02,20449.0,9272.0,10952.0,583.0,8156.0,3848.0,18011.0,15383.0,2438.0,5066.0,4308.0,-1680.0
404,2014-11-25,21097.0,9630.0,11924.0,433.0,8276.0,3708.0,18339.0,16065.0,2758.0,5032.0,4568.0,-2294.0
405,2014-11-18,19908.0,9134.0,10381.0,222.0,8111.0,4159.0,17467.0,14762.0,2441.0,5146.0,3952.0,-1247.0
406,2014-11-11,19810.0,9244.0,10233.0,292.0,8368.0,3957.0,17904.0,14482.0,1906.0,5328.0,4411.0,-989.0
407,2014-11-04,23722.0,9737.0,13846.0,461.0,11941.0,3892.0,22139.0,18199.0,1583.0,5523.0,8049.0,-4109.0
408,2014-10-28,22026.0,8506.0,12404.0,411.0,10951.0,4390.0,19868.0,17205.0,2158.0,4821.0,6561.0,-3898.0
409,2014-10-21,21314.0,8526.0,10858.0,473.0,10519.0,4654.0,19518.0,15985.0,1796.0,5329.0,5865.0,-2332.0
410,2014-10-14,21319.0,9171.0,11555.0,383.0,9967.0,4482.0,19521.0,16420.0,1798.0,4899.0,5485.0,-2384.0
411,2014-10-07,19216.0,10052.0,10152.0,405.0,6708.0,4345.0,17165.0,14902.0,2051.0,4314.0,2363.0,-100.0
412,2014-09-30,18240.0,10092.0,10028.0,409.0,5356.0,3214.0,15857.0,13651.0,2383.0,4589.0,2142.0,64.0
413,2014-09-23,16166.0,9779.0,7938.0,196.0,3664.0,3873.0,13639.0,12007.0,2527.0,4159.0,-209.0,1841.0
414,2014-09-16,16061.0,9814.0,8694.0,157.0,3703.0,3664.0,13674.0,12515.0,2387.0,3546.0,39.0,1120.0
415,2014-09-09,24931.0,14369.0,4847.0,1771.0,5346.0,15048.0,21486.0,21666.0,3445.0,3265.0,-9702.0,9522.0
416,2014-09-02,23427.0,15552.0,5488.0,277.0,4328.0,14831.0,20157.0,20596.0,3270.0,2831.0,-10503.0,10064.0
417,2014-08-26,23714.0,16353.0,4607.0,281.0,3483.0,16020.0,20117.0,20908.0,3597.0,2806.0,-12537.0,11746.0
418,2014-08-19,24090.0,16779.0,4789.0,228.0,3600.0,16042.0,20607.0,21059.0,3483.0,3031.0,-12442.0,11990.0
419,2014-08-12,25259.0,17891.0,4507.0,243.0,3376.0,17731.0,21510.0,22481.0,3749.0,2778.0,-14355.0,13384.0
420,2014-08-05,25794.0,18783.0,4474.0,366.0,3057.0,18339.0,22206.0,23179.0,3588.0,2615.0,-15282.0,14309.0
421,2014-07-29,30689.0,23438.0,8306.0,339.0,2884.0,19439.0,26661.0,28084.0,4027.0,2604.0,-16555.0,15132.0
422,2014-07-22,32777.0,25981.0,10896.0,248.0,2581.0,18458.0,28810.0,29602.0,3967.0,3175.0,-15877.0,15085.0
423,2014-07-15,32901.0,26555.0,11117.0,218.0,2140.0,17414.0,28913.0,28749.0,3988.0,4152.0,-15274.0,15438.0
424,2014-07-08,36142.0,26739.0,12334.0,3214.0,1959.0,16826.0,31913.0,32374.0,4229.0,3768.0,-14867.0,14405.0
425,2014-07-01,33461.0,26563.0,17578.0,200.0,2890.0,12759.0,29653.0,30537.0,3808.0,2924.0,-9869.0,8985.0
426,2014-06-24,31422.0,24855.0,18703.0,345.0,2739.0,9621.0,27939.0,28669.0,3483.0,2753.0,-6882.0,6152.0
427,2014-06-17,28477.0,21671.0,17938.0,345.0,2667.0,7656.0,24683.0,25939.0,3794.0,2538.0,-4989.0,3733.0
428,2014-06-10,32946.0,20401.0,3546.0,3182.0,5419.0,23502.0,29002.0,30230.0,3944.0,2716.0,-18083.0,16855.0
429,2014-06-03,30085.0,22400.0,4869.0,648.0,2986.0,21608.0,26034.0,27125.0,4051.0,2960.0,-18622.0,17531.0
430,2014-05-27,30654.0,22034.0,4090.0,204.0,3654.0,23716.0,25892.0,28010.0,4762.0,2644.0,-20062.0,17944.0
431,2014-05-20,30561.0,22486.0,4892.0,227.0,3565.0,23040.0,26278.0,28159.0,4283.0,2402.0,-19475.0,17594.0
432,2014-05-13,30938.0,23806.0,4466.0,242.0,2439.0,23434.0,26487.0,28142.0,4451.0,2796.0,-20995.0,19340.0
433,2014-05-06,33096.0,25027.0,4283.0,265.0,2686.0,24207.0,27978.0,28755.0,5118.0,4341.0,-21521.0,20744.0
434,2014-04-29,29869.0,22979.0,4499.0,212.0,1791.0,22364.0,24982.0,27075.0,4887.0,2794.0,-20573.0,18480.0
435,2014-04-22,32589.0,26056.0,5881.0,222.0,1532.0,24018.0,27810.0,30121.0,4779.0,2468.0,-22486.0,20175.0
436,2014-04-15,33110.0,26671.0,6824.0,210.0,1477.0,23326.0,28358.0,30360.0,4752.0,2750.0,-21849.0,19847.0
437,2014-04-08,32909.0,26521.0,6755.0,204.0,1477.0,23279.0,28202.0,30238.0,4707.0,2671.0,-21802.0,19766.0
438,2014-04-01,32316.0,25765.0,7285.0,222.0,1439.0,22307.0,27426.0,29814.0,4890.0,2502.0,-20868.0,18480.0
439,2014-03-25,32750.0,26243.0,8030.0,266.0,1234.0,22092.0,27743.0,30388.0,5007.0,2362.0,-20858.0,18213.0
440,2014-03-18,31464.0,24645.0,8894.0,204.0,1243.0,19745.0,26092.0,28843.0,5372.0,2621.0,-18502.0,15751.0
441,2014-03-11,31906.0,21155.0,6706.0,4237.0,1586.0,17882.0,26978.0,28825.0,4928.0,3081.0,-16296.0,14449.0
442,2014-03-04,25618.0,19346.0,5914.0,674.0,1291.0,16808.0,21311.0,23396.0,4307.0,2222.0,-15517.0,13432.0
443,2014-02-25,22143.0,16529.0,5547.0,583.0,1367.0,13877.0,18479.0,20007.0,3664.0,2136.0,-12510.0,10982.0
444,2014-02-18,21517.0,15331.0,6425.0,724.0,1872.0,12362.0,17927.0,19511.0,3590.0,2006.0,-10490.0,8906.0
445,2014-02-11,19085.0,13176.0,5535.0,768.0,2021.0,10674.0,15965.0,16977.0,3120.0,2108.0,-8653.0,7641.0
446,2014-02-04,20099.0,14588.0,6556.0,613.0,1732.0,10020.0,16933.0,17189.0,3166.0,2910.0,-8288.0,8032.0
447,2014-01-28,21796.0,16606.0,6921.0,774.0,947.0,11872.0,18327.0,19567.0,3469.0,2229.0,-10925.0,9685.0
448,2014-01-21,22817.0,17330.0,8774.0,562.0,1258.0,11346.0,19150.0,20682.0,3667.0,2135.0,-10088.0,8556.0
449,2014-01-14,22870.0,17539.0,7925.0,202.0,1117.0,12629.0,18858.0,20756.0,4012.0,2114.0,-11512.0,9614.0
450,2014-01-07,20039.0,14803.0,6937.0,282.0,922.0,10754.0,16007.0,17973.0,4032.0,2066.0,-9832.0,7866.0
451,2013-12-31,18748.0,14198.0,7491.0,282.0,693.0,9170.0,15173.0,16943.0,3575.0,1805.0,-8477.0,6707.0
452,2013-12-24,18668.0,13899.0,7443.0,282.0,880.0,9060.0,15061.0,16785.0,3607.0,1883.0,-8180.0,6456.0
453,2013-12-17,17939.0,12842.0,7169.0,252.0,871.0,8217.0,13965.0,15638.0,3974.0,2301.0,-7346.0,5673.0
454,2013-12-10,19953.0,13183.0,4630.0,604.0,1803.0,12497.0,15590.0,17731.0,4363.0,2222.0,-10694.0,8553.0
455,2013-12-03,18318.0,13660.0,6021.0,252.0,1069.0,9785.0,14981.0,16058.0,3337.0,2260.0,-8716.0,7639.0
456,2013-11-26,20919.0,16064.0,5815.0,6.0,1352.0,12825.0,17422.0,18646.0,3497.0,2273.0,-11473.0,10249.0
457,2013-11-19,24450.0,18940.0,6464.0,113.0,1910.0,15519.0,20963.0,22096.0,3487.0,2354.0,-13609.0,12476.0
458,2013-11-12,21996.0,16814.0,6448.0,115.0,1664.0,13288.0,18593.0,19851.0,3403.0,2145.0,-11624.0,10366.0
459,2013-11-05,22367.0,16937.0,7229.0,3.0,1603.0,12732.0,18543.0,19964.0,3824.0,2403.0,-11129.0,9708.0
460,2013-10-29,23564.0,17705.0,7080.0,3.0,1964.0,14552.0,19672.0,21635.0,3892.0,1929.0,-12588.0,10625.0
461,2013-10-22,27336.0,21349.0,8235.0,5.0,1634.0,17331.0,22988.0,25571.0,4348.0,1765.0,-15697.0,13114.0
462,2013-10-15,24608.0,19379.0,6711.0,15.0,1317.0,16118.0,20711.0,22844.0,3897.0,1764.0,-14801.0,12668.0
463,2013-10-08,23230.0,18343.0,7577.0,5.0,1074.0,13650.0,19422.0,21232.0,3808.0,1998.0,-12576.0,10766.0
464,2013-10-01,22577.0,17706.0,6815.0,5.0,911.0,14017.0,18622.0,20837.0,3955.0,1740.0,-13106.0,10891.0
465,2013-09-24,19621.0,15470.0,7415.0,5.0,845.0,10382.0,16320.0,17802.0,3301.0,1819.0,-9537.0,8055.0
466,2013-09-17,15842.0,12463.0,6806.0,5.0,913.0,7042.0,13381.0,13853.0,2461.0,1989.0,-6129.0,5657.0
467,2013-09-10,15097.0,8068.0,8669.0,149.0,4501.0,3656.0,12718.0,12474.0,2379.0,2623.0,845.0,-601.0
468,2013-09-03,13105.0,6384.0,7181.0,18.0,4609.0,2732.0,11011.0,9931.0,2094.0,3174.0,1877.0,-797.0
469,2013-08-27,12193.0,7463.0,7211.0,339.0,2092.0,2292.0,9894.0,9842.0,2299.0,2351.0,-200.0,252.0
470,2013-08-20,13500.0,9760.0,7370.0,285.0,1066.0,3612.0,11111.0,11267.0,2389.0,2233.0,-2546.0,2390.0
471,2013-08-13,11976.0,6632.0,6435.0,183.0,2725.0,2607.0,9540.0,9225.0,2436.0,2751.0,118.0,197.0
472,2013-08-06,11572.0,4595.0,6134.0,204.0,4667.0,1899.0,9466.0,8237.0,2106.0,3335.0,2768.0,-1539.0
473,2013-07-30,12153.0,5593.0,6113.0,183.0,3916.0,2747.0,9692.0,9043.0,2461.0,3110.0,1169.0,-520.0
474,2013-07-23,12613.0,4517.0,6363.0,0.0,6125.0,2243.0,10642.0,8606.0,1971.0,4007.0,3882.0,-1846.0
475,2013-07-16,12904.0,4224.0,6968.0,24.0,6403.0,1656.0,10651.0,8648.0,2253.0,4256.0,4747.0,-2744.0
476,2013-07-09,12512.0,5390.0,6398.0,28.0,5003.0,1494.0,10421.0,7920.0,2091.0,4592.0,3509.0,-1008.0
477,2013-07-02,12384.0,5288.0,6462.0,50.0,5151.0,1481.0,10489.0,7993.0,1895.0,4391.0,3670.0,-1174.0
478,2013-06-25,11632.0,5377.0,6088.0,61.0,4617.0,1357.0,10055.0,7506.0,1577.0,4126.0,3260.0,-711.0
479,2013-06-18,11742.0,8469.0,6343.0,2.0,1511.0,1543.0,9982.0,7888.0,1760.0,3854.0,-32.0,2126.0
480,2013-06-11,26293.0,8940.0,6287.0,45.0,15339.0,15573.0,24324.0,21905.0,1969.0,4388.0,-234.0,2653.0
481,2013-06-04,25530.0,11700.0,5687.0,42.0,11883.0,15641.0,23625.0,21370.0,1905.0,4160.0,-3758.0,6013.0
482,2013-05-28,29377.0,19666.0,5655.0,59.0,7407.0,19788.0,27132.0,25502.0,2245.0,3875.0,-12381.0,14011.0
483,2013-05-21,32833.0,23978.0,6196.0,21.0,5914.0,19888.0,29913.0,26105.0,2920.0,6728.0,-13974.0,17782.0
484,2013-05-14,37320.0,30436.0,7220.0,94.0,3428.0,26128.0,33958.0,33442.0,3362.0,3878.0,-22700.0,23216.0
485,2013-05-07,46005.0,37775.0,9239.0,129.0,3069.0,33070.0,40973.0,42438.0,5032.0,3567.0,-30001.0,28536.0
486,2013-04-30,46571.0,38184.0,9134.0,129.0,2743.0,34388.0,41056.0,43651.0,5515.0,2920.0,-31645.0,29050.0
487,2013-04-23,45127.0,38027.0,10322.0,118.0,2374.0,31703.0,40519.0,42143.0,4608.0,2984.0,-29329.0,27705.0
488,2013-04-16,46640.0,39986.0,9178.0,121.0,2030.0,34561.0,42137.0,43860.0,4503.0,2780.0,-32531.0,30808.0
489,2013-04-09,42549.0,35358.0,10208.0,110.0,2234.0,28924.0,37702.0,39242.0,4847.0,3307.0,-26690.0,25150.0
490,2013-04-02,39229.0,31358.0,12971.0,110.0,2885.0,23660.0,34353.0,36741.0,4876.0,2488.0,-20775.0,18387.0
491,2013-03-26,34922.0,27946.0,11030.0,110.0,1943.0,21484.0,29999.0,32624.0,4923.0,2298.0,-19541.0,16916.0
492,2013-03-19,28933.0,23384.0,10907.0,112.0,2269.0,15389.0,25765.0,26408.0,3168.0,2525.0,-13120.0,12477.0
493,2013-03-12,32813.0,24250.0,4900.0,1140.0,3591.0,24022.0,28981.0,30062.0,3832.0,2751.0,-20431.0,19350.0
494,2013-03-05,31548.0,23812.0,4768.0,335.0,3392.0,23741.0,27539.0,28844.0,4009.0,2704.0,-20349.0,19044.0
495,2013-02-26,32865.0,23570.0,3273.0,2026.0,2988.0,24627.0,28584.0,29926.0,4281.0,2939.0,-21639.0,20297.0
496,2013-02-19,37558.0,28153.0,3460.0,761.0,3195.0,31128.0,32109.0,35349.0,5449.0,2209.0,-27933.0,24693.0
497,2013-02-12,35110.0,24898.0,3560.0,1636.0,3020.0,27701.0,29554.0,32897.0,5555.0,2213.0,-24681.0,21338.0
498,2013-02-05,37061.0,26343.0,3643.0,1408.0,3057.0,29818.0,30808.0,34869.0,6253.0,2192.0,-26761.0,22700.0
499,2013-01-29,35481.0,26830.0,5014.0,573.0,3271.0,28344.0,30674.0,33931.0,4807.0,1550.0,-25073.0,21816.0
500,2013-01-22,37180.0,28815.0,5283.0,363.0,2733.0,29667.0,31911.0,35313.0,5269.0,1867.0,-26934.0,23532.0
501,2013-01-15,38654.0,29920.0,7658.0,362.0,3202.0,28841.0,33484.0,36861.0,5170.0,1793.0,-25639.0,22262.0
502,2013-01-08,36531.0,26635.0,7415.0,229.0,4735.0,26913.0,31599.0,34557.0,4932.0,1974.0,-22178.0,19220.0
503,2012-12-31,34531.0,25832.0,8750.0,231.0,4147.0,23921.0,30210.0,32902.0,4321.0,1629.0,-19774.0,17082.0
504,2012-12-24,40135.0,27425.0,12686.0,229.0,5177.0,25784.0,32831.0,38699.0,7304.0,1436.0,-20607.0,14739.0
505,2012-12-18,42446.0,31830.0,17600.0,156.0,4529.0,22939.0,36515.0,40695.0,5931.0,1751.0,-18410.0,14230.0
506,2012-12-11,41381.0,29560.0,4960.0,2751.0,2845.0,31436.0,35156.0,39147.0,6225.0,2234.0,-28591.0,24600.0
507,2012-12-04,32167.0,23272.0,2184.0,416.0,3771.0,27225.0,27459.0,29825.0,4708.0,2342.0,-23454.0,21088.0
508,2012-11-27,31901.0,21653.0,2943.0,222.0,5539.0,26972.0,27414.0,30137.0,4487.0,1764.0,-21433.0,18710.0
509,2012-11-20,29758.0,21436.0,3578.0,222.0,4087.0,23693.0,25745.0,27493.0,4013.0,2265.0,-19606.0,17858.0
510,2012-11-13,33253.0,23692.0,4498.0,222.0,5019.0,26577.0,28933.0,31297.0,4320.0,1956.0,-21558.0,19194.0
511,2012-11-06,35326.0,24440.0,5052.0,222.0,5508.0,28113.0,30170.0,33387.0,5156.0,1939.0,-22605.0,19388.0
512,2012-10-30,31023.0,20849.0,4104.0,226.0,5473.0,24721.0,26548.0,29051.0,4475.0,1972.0,-19248.0,16745.0
513,2012-10-23,29139.0,20528.0,4179.0,131.0,4011.0,22716.0,24670.0,27026.0,4469.0,2113.0,-18705.0,16349.0
514,2012-10-16,29487.0,20646.0,4362.0,137.0,3950.0,23402.0,24733.0,27901.0,4754.0,1586.0,-19452.0,16284.0
515,2012-10-09,30498.0,21075.0,4365.0,137.0,3857.0,24123.0,25069.0,28625.0,5429.0,1873.0,-20266.0,16710.0
516,2012-10-02,34171.0,25298.0,3917.0,226.0,3456.0,28120.0,28980.0,32263.0,5191.0,1908.0,-24664.0,21381.0
517,2012-09-25,32787.0,23389.0,3424.0,130.0,3973.0,27511.0,27492.0,31065.0,5295.0,1722.0,-23538.0,19965.0
518,2012-09-18,29331.0,20402.0,3797.0,129.0,4067.0,23695.0,24598.0,27621.0,4733.0,1710.0,-19628.0,16605.0
519,2012-09-11,27152.0,13641.0,3609.0,729.0,8115.0,20781.0,22485.0,25119.0,4667.0,2033.0,-12666.0,10032.0
520,2012-09-04,25393.0,14815.0,3414.0,128.0,7271.0,19836.0,22214.0,23378.0,3179.0,2015.0,-12565.0,11401.0
521,2012-08-28,31374.0,18215.0,3986.0,126.0,9294.0,25514.0,27635.0,29626.0,3739.0,1748.0,-16220.0,14229.0
522,2012-08-21,31984.0,19835.0,3463.0,124.0,7596.0,26527.0,27555.0,30114.0,4429.0,1870.0,-18931.0,16372.0
523,2012-08-14,30100.0,18273.0,3026.0,124.0,7482.0,25208.0,25879.0,28358.0,4221.0,1742.0,-17726.0,15247.0
524,2012-08-07,28945.0,17808.0,3220.0,143.0,6619.0,23871.0,24570.0,27234.0,4375.0,1711.0,-17252.0,14588.0
525,2012-07-31,24967.0,13659.0,3312.0,186.0,7151.0,19684.0,20996.0,23182.0,3971.0,1785.0,-12533.0,10347.0
526,2012-07-24,23206.0,11703.0,3924.0,134.0,8382.0,17039.0,20219.0,21097.0,2987.0,2109.0,-8657.0,7779.0
527,2012-07-17,23328.0,10986.0,4047.0,134.0,8749.0,17052.0,19869.0,21233.0,3459.0,2095.0,-8303.0,6939.0
528,2012-07-10,22356.0,11434.0,5843.0,134.0,7057.0,14771.0,18625.0,20748.0,3731.0,1608.0,-7714.0,5591.0
529,2012-07-03,20483.0,9862.0,5542.0,134.0,7158.0,12967.0,17154.0,18643.0,3329.0,1840.0,-5809.0,4320.0
530,2012-06-26,16601.0,6108.0,5532.0,149.0,7651.0,8737.0,13908.0,14418.0,2693.0,2183.0,-1086.0,576.0
531,2012-06-19,12612.0,3564.0,5777.0,149.0,6587.0,4245.0,10300.0,10171.0,2312.0,2441.0,2342.0,-2213.0
532,2012-06-12,27485.0,6640.0,10525.0,628.0,18395.0,12864.0,25663.0,24017.0,1822.0,3468.0,5531.0,-3885.0
533,2012-06-05,21530.0,6575.0,12105.0,152.0,13207.0,6024.0,19934.0,18281.0,1596.0,3249.0,7183.0,-5530.0
534,2012-05-29,21453.0,5798.0,11006.0,158.0,13817.0,7012.0,19773.0,18176.0,1680.0,3277.0,6805.0,-5208.0
535,2012-05-22,21439.0,8418.0,9927.0,0.0,11398.0,8145.0,19816.0,18072.0,1623.0,3367.0,3253.0,-1509.0
536,2012-05-15,17263.0,9124.0,6527.0,162.0,5462.0,8723.0,14748.0,15412.0,2515.0,1851.0,-3261.0,2597.0
537,2012-05-08,17969.0,11688.0,5464.0,125.0,3427.0,9902.0,15240.0,15491.0,2729.0,2478.0,-6475.0,6224.0
538,2012-05-01,19815.0,12155.0,4130.0,125.0,3302.0,14182.0,15582.0,18437.0,4233.0,1378.0,-10880.0,8025.0
539,2012-04-24,19126.0,13984.0,4498.0,101.0,1304.0,13030.0,15389.0,17629.0,3737.0,1497.0,-11726.0,9486.0
540,2012-04-17,23952.0,16999.0,5060.0,0.0,3151.0,17201.0,20150.0,22261.0,3802.0,1691.0,-14050.0,11939.0
541,2012-04-10,21802.0,15433.0,8263.0,143.0,2835.0,11762.0,18411.0,20168.0,3391.0,1634.0,-8927.0,7170.0
542,2012-04-03,20753.0,14477.0,8631.0,150.0,2543.0,10403.0,17170.0,19184.0,3583.0,1569.0,-7860.0,5846.0
543,2012-03-27,20247.0,14046.0,10062.0,152.0,2594.0,8703.0,16792.0,18917.0,3455.0,1330.0,-6109.0,3984.0
544,2012-03-20,20288.0,14686.0,10476.0,216.0,2300.0,7757.0,17202.0,18449.0,3086.0,1839.0,-5457.0,4210.0
545,2012-03-13,32911.0,19223.0,6000.0,4454.0,5280.0,20713.0,28957.0,31167.0,3954.0,1744.0,-15433.0,13223.0
546,2012-03-06,29950.0,23506.0,6718.0,483.0,2039.0,20754.0,26028.0,27955.0,3922.0,1995.0,-18715.0,16788.0
547,2012-02-28,35159.0,27006.0,4892.0,418.0,3110.0,28059.0,30534.0,33369.0,4625.0,1790.0,-24949.0,22114.0
548,2012-02-21,36889.0,29422.0,5211.0,418.0,2712.0,29577.0,32552.0,35206.0,4337.0,1683.0,-26865.0,24211.0
549,2012-02-14,36704.0,29202.0,5332.0,421.0,2769.0,29272.0,32392.0,35025.0,4312.0,1679.0,-26503.0,23870.0
550,2012-02-07,35020.0,28201.0,4866.0,380.0,1992.0,28240.0,30573.0,33486.0,4447.0,1534.0,-26248.0,23335.0
551,2012-01-31,31627.0,25330.0,10533.0,380.0,1796.0,19087.0,27506.0,30000.0,4121.0,1627.0,-17291.0,14797.0
552,2012-01-24,25569.0,20232.0,7300.0,366.0,1715.0,16265.0,22313.0,23931.0,3256.0,1638.0,-14550.0,12932.0
553,2012-01-17,20955.0,16195.0,6740.0,366.0,1478.0,12208.0,18039.0,19314.0,2916.0,1641.0,-10730.0,9455.0
554,2012-01-10,14173.0,10658.0,5629.0,366.0,542.0,6388.0,11566.0,12383.0,2607.0,1790.0,-5846.0,5029.0
555,2012-01-03,10812.0,7857.0,5421.0,225.0,687.0,2984.0,8769.0,8630.0,2043.0,2182.0,-2297.0,2436.0
556,2011-12-27,10181.0,6571.0,5166.0,225.0,1540.0,2351.0,8336.0,7742.0,1845.0,2439.0,-811.0,1405.0
557,2011-12-20,9442.0,5735.0,5123.0,225.0,1834.0,1811.0,7794.0,7159.0,1648.0,2283.0,23.0,612.0
558,2011-12-13,28686.0,11148.0,5765.0,551.0,15164.0,19901.0,26863.0,26217.0,1823.0,2469.0,-4737.0,5383.0
559,2011-12-06,27597.0,10745.0,6888.0,1.0,15376.0,18497.0,26122.0,25386.0,1475.0,2211.0,-3121.0,3857.0
560,2011-11-29,28277.0,11018.0,7300.0,0.0,15819.0,18612.0,26837.0,25912.0,1440.0,2365.0,-2793.0,3718.0
561,2011-11-22,26870.0,12639.0,4723.0,0.0,12745.0,19574.0,25384.0,24297.0,1486.0,2573.0,-6829.0,7916.0
562,2011-11-15,25966.0,14255.0,3641.0,0.0,9807.0,20317.0,24062.0,23958.0,1904.0,2008.0,-10510.0,10614.0
563,2011-11-08,24750.0,14585.0,3035.0,5.0,8111.0,20379.0,22701.0,23419.0,2049.0,1331.0,-12268.0,11550.0
564,2011-11-01,24021.0,13394.0,2739.0,0.0,8317.0,19682.0,21711.0,22421.0,2310.0,1600.0,-11365.0,10655.0
565,2011-10-25,24675.0,13298.0,4079.0,0.0,9443.0,19200.0,22741.0,23279.0,1934.0,1396.0,-9757.0,9219.0
566,2011-10-18,24055.0,12445.0,4220.0,0.0,9752.0,17898.0,22197.0,22118.0,1858.0,1937.0,-8146.0,8225.0
567,2011-10-11,25059.0,12075.0,5237.0,102.0,11594.0,17538.0,23771.0,22877.0,1288.0,2182.0,-5944.0,6838.0
568,2011-10-04,26211.0,12929.0,7363.0,102.0,11686.0,16078.0,24717.0,23543.0,1494.0,2668.0,-4392.0,5566.0
569,2011-09-27,23804.0,14475.0,4884.0,0.0,7068.0,16921.0,21543.0,21805.0,2261.0,1999.0,-9853.0,9591.0
570,2011-09-20,22307.0,16511.0,2946.0,0.0,2437.0,18019.0,18948.0,20965.0,3359.0,1342.0,-15582.0,13565.0
571,2011-09-13,34664.0,19303.0,1639.0,163.0,10392.0,30727.0,29858.0,32529.0,4806.0,2135.0,-20335.0,17664.0
572,2011-09-06,27939.0,19215.0,1545.0,14.0,4090.0,24315.0,23319.0,25874.0,4620.0,2065.0,-20225.0,17670.0
573,2011-08-30,26856.0,17953.0,1388.0,71.0,4625.0,24059.0,22649.0,25518.0,4207.0,1338.0,-19434.0,16565.0
574,2011-08-23,26504.0,17980.0,1104.0,100.0,4305.0,23942.0,22385.0,25146.0,4119.0,1358.0,-19637.0,16876.0
575,2011-08-16,26705.0,19214.0,797.0,0.0,3774.0,24389.0,22988.0,25186.0,3717.0,1519.0,-20615.0,18417.0
576,2011-08-09,28943.0,21588.0,1161.0,133.0,2937.0,25502.0,24658.0,26796.0,4285.0,2147.0,-22565.0,20427.0
577,2011-08-02,33788.0,25808.0,1682.0,133.0,2540.0,30637.0,28481.0,32452.0,5307.0,1336.0,-28097.0,24126.0
578,2011-07-26,32793.0,25241.0,1950.0,114.0,2498.0,29111.0,27853.0,31175.0,4940.0,1618.0,-26613.0,23291.0
579,2011-07-19,31072.0,23364.0,1926.0,114.0,2745.0,27376.0,26223.0,29416.0,4849.0,1656.0,-24631.0,21438.0
580,2011-07-12,29745.0,22687.0,3103.0,0.0,2838.0,25417.0,25525.0,28520.0,4220.0,1225.0,-22579.0,19584.0
581,2011-07-05,30520.0,22648.0,3662.0,0.0,3381.0,25687.0,26029.0,29349.0,4491.0,1171.0,-22306.0,18986.0
582,2011-06-28,29652.0,22242.0,3878.0,0.0,2998.0,24437.0,25240.0,28315.0,4412.0,1337.0,-21439.0,18364.0
583,2011-06-21,30261.0,22942.0,4093.0,0.0,2970.0,24942.0,25912.0,29035.0,4349.0,1226.0,-21972.0,18849.0
584,2011-06-14,31432.0,23520.0,4302.0,0.0,3507.0,26051.0,27027.0,30353.0,4405.0,1079.0,-22544.0,19218.0
585,2011-06-07,37227.0,23573.0,7569.0,146.0,8573.0,28106.0,32292.0,35821.0,4935.0,1406.0,-19533.0,16004.0
586,2011-05-31,30915.0,23579.0,7855.0,16.0,3089.0,21686.0,26684.0,29557.0,4231.0,1358.0,-18597.0,15724.0
587,2011-05-24,30930.0,23234.0,9358.0,0.0,4023.0,20138.0,27257.0,29496.0,3673.0,1434.0,-16115.0,13876.0
588,2011-05-17,29636.0,22518.0,9894.0,0.0,3827.0,18443.0,26345.0,28337.0,3291.0,1299.0,-14616.0,12624.0
589,2011-05-10,30504.0,22828.0,9114.0,5.0,3826.0,20049.0,26659.0,29168.0,3845.0,1336.0,-16223.0,13714.0
590,2011-05-03,31620.0,22522.0,9722.0,240.0,4593.0,20380.0,27355.0,30342.0,4265.0,1278.0,-15787.0,12800.0
591,2011-04-26,27220.0,19205.0,7748.0,213.0,3523.0,18088.0,22941.0,26049.0,4279.0,1171.0,-14565.0,11457.0
592,2011-04-19,25789.0,17722.0,8383.0,213.0,3666.0,15986.0,21601.0,24582.0,4188.0,1207.0,-12320.0,9339.0
593,2011-04-12,21143.0,14233.0,7897.0,0.0,3348.0,11788.0,17581.0,19685.0,3562.0,1458.0,-8440.0,6336.0
594,2011-04-05,16197.0,10129.0,7434.0,3.0,2772.0,7022.0,12904.0,14459.0,3293.0,1738.0,-4250.0,2695.0
595,2011-03-29,13401.0,6598.0,6359.0,216.0,4356.0,4767.0,11170.0,11342.0,2231.0,2059.0,-411.0,239.0
596,2011-03-22,13974.0,6005.0,7487.0,212.0,5713.0,3736.0,11930.0,11435.0,2044.0,2539.0,1977.0,-1482.0
597,2011-03-15,15851.0,7277.0,10086.0,210.0,5986.0,3295.0,13473.0,13591.0,2378.0,2260.0,2691.0,-2809.0
598,2011-03-08,27699.0,13467.0,9121.0,849.0,10783.0,15449.0,25099.0,25419.0,2600.0,2280.0,-4666.0,4346.0
599,2011-03-01,26966.0,15326.0,7915.0,142.0,8738.0,17260.0,24206.0,25317.0,2760.0,1649.0,-8522.0,7411.0
600,2011-02-22,27830.0,15975.0,7874.0,142.0,8466.0,18270.0,24583.0,26286.0,3247.0,1544.0,-9804.0,8101.0
601,2011-02-15,27735.0,18018.0,8208.0,0.0,6570.0,18389.0,24588.0,26597.0,3147.0,1138.0,-11819.0,9810.0
602,2011-02-08,27897.0,20804.0,9947.0,0.0,3468.0,16994.0,24272.0,26941.0,3625.0,956.0,-13526.0,10857.0
603,2011-02-01,27450.0,20041.0,9771.0,0.0,3486.0,16667.0,23527.0,26438.0,3923.0,1012.0,-13181.0,10270.0
604,2011-01-25,26199.0,18507.0,9880.0,0.0,3744.0,15179.0,22251.0,25059.0,3948.0,1140.0,-11435.0,8627.0
605,2011-01-18,27636.0,21224.0,9977.0,0.0,2761.0,16664.0,23985.0,26641.0,3651.0,995.0,-13903.0,11247.0
606,2011-01-11,27358.0,20943.0,11323.0,0.0,2746.0,15156.0,23689.0,26479.0,3669.0,879.0,-12410.0,9620.0
607,2011-01-04,26443.0,21162.0,10431.0,0.0,2210.0,15002.0,23372.0,25433.0,3071.0,1010.0,-12792.0,10731.0
608,2010-12-28,25090.0,18570.0,10455.0,0.0,3991.0,13434.0,22561.0,23889.0,2529.0,1201.0,-9443.0,8115.0
609,2010-12-21,25081.0,17780.0,10414.0,0.0,5150.0,13326.0,22930.0,23740.0,2151.0,1341.0,-8176.0,7366.0
610,2010-12-14,24510.0,21314.0,8793.0,0.0,985.0,14758.0,22299.0,23551.0,2211.0,959.0,-13773.0,12521.0
611,2010-12-07,27595.0,22024.0,3763.0,166.0,2185.0,22194.0,24375.0,26123.0,3220.0,1472.0,-20009.0,18261.0
612,2010-11-30,27575.0,22982.0,4537.0,0.0,1301.0,21802.0,24283.0,26339.0,3292.0,1236.0,-20501.0,18445.0
613,2010-11-23,30969.0,26095.0,5026.0,0.0,1644.0,25160.0,27739.0,30186.0,3230.0,783.0,-23516.0,21069.0
614,2010-11-16,33423.0,28915.0,5470.0,0.0,1200.0,27077.0,30115.0,32547.0,3308.0,876.0,-25877.0,23445.0
615,2010-11-09,31494.0,26965.0,4715.0,0.0,991.0,25931.0,27956.0,30646.0,3538.0,848.0,-24940.0,22250.0
616,2010-11-02,28353.0,23393.0,4245.0,0.0,1356.0,22906.0,24749.0,27151.0,3604.0,1202.0,-21550.0,19148.0
617,2010-10-26,26754.0,21577.0,5706.0,0.0,1573.0,19978.0,23150.0,25684.0,3604.0,1070.0,-18405.0,15871.0
618,2010-10-19,27031.0,21477.0,6146.0,0.0,1856.0,19755.0,23333.0,25901.0,3698.0,1130.0,-17899.0,15331.0
619,2010-10-12,26437.0,21276.0,4703.0,0.0,1213.0,20607.0,22489.0,25310.0,3948.0,1127.0,-19394.0,16573.0
620,2010-10-05,26042.0,21339.0,5005.0,0.0,881.0,19451.0,22220.0,24456.0,3822.0,1586.0,-18570.0,16334.0
621,2010-09-28,25965.0,21604.0,4334.0,0.0,641.0,20115.0,22245.0,24449.0,3720.0,1516.0,-19474.0,17270.0
622,2010-09-21,26820.0,22636.0,4228.0,0.0,563.0,21198.0,23199.0,25426.0,3621.0,1394.0,-20635.0,18408.0
623,2010-09-14,25755.0,21414.0,4575.0,0.0,865.0,20102.0,22279.0,24677.0,3476.0,1078.0,-19237.0,16839.0
624,2010-09-07,27922.0,14648.0,5271.0,663.0,9876.0,20791.0,25187.0,26725.0,2735.0,1197.0,-10915.0,9377.0
625,2010-08-31,20099.0,12193.0,5236.0,0.0,4956.0,12678.0,17149.0,17914.0,2950.0,2185.0,-7722.0,6957.0
626,2010-08-24,20271.0,14931.0,4248.0,0.0,1997.0,13798.0,16928.0,18046.0,3343.0,2225.0,-11801.0,10683.0
627,2010-08-17,23627.0,17595.0,5456.0,0.0,3229.0,16406.0,20824.0,21862.0,2803.0,1765.0,-13177.0,12139.0
628,2010-08-10,25036.0,18992.0,6448.0,744.0,1889.0,16756.0,21625.0,23948.0,3411.0,1088.0,-14867.0,12544.0
629,2010-08-03,24399.0,20353.0,5294.0,0.0,816.0,17742.0,21169.0,23036.0,3230.0,1363.0,-16926.0,15059.0
630,2010-07-27,22919.0,18398.0,4724.0,0.0,1407.0,17037.0,19805.0,21761.0,3114.0,1158.0,-15630.0,13674.0
631,2010-07-20,18631.0,14523.0,5550.0,0.0,1511.0,11887.0,16034.0,17437.0,2597.0,1194.0,-10376.0,8973.0
632,2010-07-13,16798.0,12683.0,7231.0,0.0,1740.0,8103.0,14423.0,15334.0,2375.0,1464.0,-6363.0,5452.0
633,2010-07-06,12959.0,8093.0,5516.0,0.0,2751.0,6141.0,10844.0,11657.0,2115.0,1302.0,-3390.0,2577.0
634,2010-06-29,12880.0,8459.0,5973.0,0.0,1957.0,5511.0,10416.0,11484.0,2464.0,1396.0,-3554.0,2486.0
635,2010-06-22,10476.0,6721.0,5899.0,0.0,1194.0,3272.0,7915.0,9171.0,2561.0,1305.0,-2078.0,822.0
636,2010-06-15,9089.0,4329.0,6458.0,0.0,2855.0,1261.0,7184.0,7719.0,1905.0,1370.0,1594.0,-2129.0
637,2010-06-08,17962.0,6230.0,7099.0,39.0,10301.0,8902.0,16570.0,16040.0,1392.0,1922.0,1399.0,-869.0
638,2010-06-01,15586.0,7622.0,5418.0,39.0,6403.0,8285.0,14064.0,13742.0,1522.0,1844.0,-1882.0,2204.0
639,2010-05-25,17760.0,11342.0,3680.0,0.0,5345.0,12089.0,16687.0,15769.0,1073.0,1991.0,-6744.0,7662.0
640,2010-05-18,21357.0,16740.0,4187.0,0.0,2171.0,15281.0,18911.0,19468.0,2446.0,1889.0,-13110.0,12553.0
641,2010-05-11,24215.0,20428.0,3536.0,0.0,902.0,19501.0,21330.0,23037.0,2885.0,1178.0,-18599.0,16892.0
642,2010-05-04,23312.0,18961.0,3985.0,0.0,888.0,17835.0,19849.0,21820.0,3463.0,1492.0,-16947.0,14976.0
643,2010-04-27,21797.0,17554.0,4645.0,0.0,1118.0,15819.0,18672.0,20464.0,3125.0,1333.0,-14701.0,12909.0
644,2010-04-20,17911.0,14497.0,5745.0,0.0,508.0,10771.0,15005.0,16516.0,2906.0,1395.0,-10263.0,8752.0
645,2010-04-13,17540.0,13771.0,6620.0,0.0,657.0,9759.0,14428.0,16379.0,3112.0,1161.0,-9102.0,7151.0
646,2010-04-06,16221.0,12836.0,7333.0,0.0,606.0,7564.0,13442.0,14897.0,2779.0,1324.0,-6958.0,5503.0
647,2010-03-30,17143.0,13049.0,7243.0,0.0,1073.0,9012.0,14122.0,16255.0,3021.0,888.0,-7939.0,5806.0
648,2010-03-23,17599.0,13621.0,8132.0,0.0,1294.0,8155.0,14915.0,16287.0,2684.0,1312.0,-6861.0,5489.0
649,2010-03-16,15638.0,11334.0,8525.0,0.0,1827.0,5970.0,13161.0,14495.0,2477.0,1143.0,-4143.0,2809.0
650,2010-03-09,21863.0,11964.0,8717.0,135.0,7237.0,11490.0,19336.0,20342.0,2527.0,1521.0,-4253.0,3247.0
651,2010-03-02,20158.0,13715.0,8603.0,0.0,4085.0,9678.0,17800.0,18281.0,2358.0,1877.0,-5593.0,5112.0
652,2010-02-23,20201.0,14641.0,8249.0,0.0,3676.0,10223.0,18317.0,18472.0,1884.0,1729.0,-6547.0,6392.0
653,2010-02-16,19679.0,14523.0,7088.0,0.0,3380.0,10366.0,17903.0,17454.0,1776.0,2225.0,-6986.0,7435.0
654,2010-02-09,20171.0,14359.0,9636.0,0.0,3988.0,8734.0,18347.0,18370.0,1824.0,1801.0,-4746.0,4723.0
655,2010-02-02,21312.0,15251.0,9868.0,0.0,3659.0,9838.0,18910.0,19706.0,2402.0,1606.0,-6179.0,5383.0
656,2010-01-26,21440.0,16005.0,7534.0,0.0,2762.0,12630.0,18767.0,20164.0,2673.0,1276.0,-9868.0,8471.0
657,2010-01-19,26917.0,22397.0,6041.0,0.0,1218.0,19664.0,23615.0,25705.0,3302.0,1212.0,-18446.0,16356.0
658,2010-01-12,25732.0,21417.0,5734.0,0.0,1196.0,18810.0,22613.0,24544.0,3119.0,1188.0,-17614.0,15683.0
659,2010-01-05,23053.0,18106.0,5133.0,0.0,1457.0,16490.0,19563.0,21623.0,3490.0,1430.0,-15033.0,12973.0
660,2009-12-29,18893.0,13872.0,5067.0,0.0,2028.0,12604.0,15900.0,17671.0,2993.0,1222.0,-10576.0,8805.0
661,2009-12-22,19372.0,15164.0,5418.0,0.0,1705.0,12386.0,16869.0,17804.0,2503.0,1568.0,-10681.0,9746.0
662,2009-12-15,18647.0,14235.0,4783.0,0.0,1598.0,12224.0,15833.0,17007.0,2814.0,1640.0,-10626.0,9452.0
663,2009-12-08,23110.0,12583.0,4788.0,0.0,7465.0,16152.0,20048.0,20940.0,3062.0,2170.0,-8687.0,7795.0
664,2009-12-01,22778.0,13729.0,5626.0,0.0,5906.0,15543.0,19635.0,21169.0,3143.0,1609.0,-9637.0,8103.0
665,2009-11-24,21639.0,15130.0,3546.0,0.0,3604.0,16942.0,18734.0,20488.0,2905.0,1151.0,-13338.0,11584.0
666,2009-11-17,21639.0,15676.0,3002.0,0.0,2819.0,17426.0,18495.0,20428.0,3144.0,1211.0,-14607.0,12674.0
667,2009-11-09,21106.0,14709.0,3454.0,0.0,3476.0,16196.0,18185.0,19650.0,2921.0,1456.0,-12720.0,11255.0
668,2009-11-03,21898.0,15802.0,2486.0,0.0,3208.0,18307.0,19010.0,20793.0,2888.0,1105.0,-15099.0,13316.0
669,2009-10-27,24230.0,17613.0,2585.0,0.0,3100.0,20052.0,20713.0,22637.0,3517.0,1593.0,-16952.0,15028.0
670,2009-10-20,24862.0,19531.0,2373.0,0.0,1880.0,21600.0,21411.0,23973.0,3451.0,889.0,-19720.0,17158.0
671,2009-10-13,24376.0,19432.0,1802.0,0.0,1528.0,21707.0,20960.0,23509.0,3416.0,867.0,-20179.0,17630.0
672,2009-10-06,24851.0,19606.0,1513.0,0.0,2190.0,22212.0,21796.0,23725.0,3055.0,1126.0,-20022.0,18093.0
673,2009-09-29,23776.0,19045.0,1542.0,0.0,1342.0,21187.0,20387.0,22729.0,3389.0,1047.0,-19845.0,17503.0
674,2009-09-22,23603.0,19874.0,1229.0,0.0,442.0,21007.0,20316.0,22236.0,3287.0,1367.0,-20565.0,18645.0
675,2009-09-15,23371.0,20206.0,1211.0,0.0,131.0,21192.0,20337.0,22403.0,3034.0,968.0,-21061.0,18995.0
676,2009-09-08,29859.0,18988.0,865.0,0.0,7950.0,28358.0,26938.0,29223.0,2921.0,636.0,-20408.0,18123.0
677,2009-09-01,26059.0,18602.0,938.0,0.0,4734.0,24226.0,23336.0,25164.0,2723.0,895.0,-19492.0,17664.0
678,2009-08-25,25735.0,19835.0,1186.0,0.0,3074.0,23735.0,22909.0,24921.0,2826.0,814.0,-20661.0,18649.0
679,2009-08-18,24783.0,18515.0,1079.0,0.0,3647.0,22957.0,22162.0,24036.0,2621.0,747.0,-19310.0,17436.0
680,2009-08-11,25034.0,19896.0,1085.0,0.0,2351.0,23000.0,22247.0,24085.0,2787.0,949.0,-20649.0,18811.0
681,2009-08-04,23883.0,18975.0,775.0,0.0,2134.0,22163.0,21109.0,22938.0,2774.0,945.0,-20029.0,18200.0
682,2009-07-28,22692.0,17990.0,423.0,0.0,2220.0,21440.0,20210.0,21863.0,2482.0,829.0,-19220.0,17567.0
683,2009-07-21,21987.0,16959.0,776.0,0.0,2591.0,20097.0,19550.0,20873.0,2437.0,1114.0,-17506.0,16183.0
684,2009-07-14,22089.0,15990.0,1021.0,0.0,4042.0,19945.0,20032.0,20966.0,2057.0,1123.0,-15903.0,14969.0
685,2009-07-07,21694.0,16391.0,1034.0,0.0,3178.0,19513.0,19569.0,20547.0,2125.0,1147.0,-16335.0,15357.0
686,2009-06-30,23742.0,18679.0,996.0,0.0,2886.0,21519.0,21565.0,22515.0,2177.0,1227.0,-18633.0,17683.0
687,2009-06-23,22606.0,17977.0,1021.0,0.0,2554.0,20794.0,20531.0,21815.0,2075.0,791.0,-18240.0,16956.0
688,2009-06-16,20666.0,16325.0,865.0,0.0,2081.0,19131.0,18406.0,19996.0,2260.0,670.0,-17050.0,15460.0
689,2009-06-09,34760.0,15712.0,939.0,0.0,16667.0,32998.0,32379.0,33937.0,2381.0,823.0,-16331.0,14773.0
690,2009-06-02,27273.0,15297.0,1165.0,0.0,9349.0,25171.0,24646.0,26336.0,2627.0,937.0,-15822.0,14132.0
691,2009-05-26,24755.0,13351.0,819.0,0.0,8991.0,23076.0,22342.0,23895.0,2413.0,860.0,-14085.0,12532.0
692,2009-05-19,19239.0,7841.0,1022.0,0.0,9172.0,17354.0,17013.0,18376.0,2226.0,863.0,-8182.0,6819.0
693,2009-05-12,16914.0,7031.0,773.0,0.0,7898.0,15194.0,14929.0,15967.0,1985.0,947.0,-7296.0,6258.0
694,2009-05-05,13993.0,4658.0,849.0,0.0,7889.0,11853.0,12547.0,12702.0,1446.0,1291.0,-3964.0,3809.0
695,2009-04-28,14095.0,4855.0,1207.0,0.0,7800.0,11299.0,12655.0,12506.0,1440.0,1589.0,-3499.0,3648.0
696,2009-04-21,13843.0,4538.0,1033.0,0.0,8161.0,11130.0,12699.0,12163.0,1144.0,1680.0,-2969.0,3505.0
697,2009-04-14,15202.0,5362.0,1002.0,0.0,8449.0,12986.0,13811.0,13988.0,1391.0,1214.0,-4537.0,4360.0
698,2009-04-07,13704.0,4359.0,1391.0,0.0,5388.0,10906.0,9747.0,12297.0,3957.0,1407.0,-5518.0,2968.0
699,2009-03-31,14124.0,3583.0,4522.0,0.0,6778.0,8139.0,10361.0,12661.0,3763.0,1463.0,-1361.0,-939.0
700,2009-03-24,15198.0,3383.0,6268.0,0.0,8146.0,7392.0,11529.0,13660.0,3669.0,1538.0,754.0,-2885.0
701,2009-03-17,15548.0,2872.0,8952.0,0.0,8978.0,4857.0,11850.0,13809.0,3698.0,1739.0,4121.0,-6080.0
702,2009-03-10,17991.0,2116.0,10095.0,34.0,13231.0,5892.0,15381.0,16021.0,2610.0,1970.0,7339.0,-7979.0
703,2009-03-03,15870.0,2139.0,8907.0,0.0,11336.0,4788.0,13475.0,13695.0,2395.0,2175.0,6548.0,-6768.0
704,2009-02-24,13690.0,2161.0,8091.0,0.0,8832.0,3597.0,10993.0,11688.0,2697.0,2002.0,5235.0,-5930.0
705,2009-02-17,12828.0,2286.0,6868.0,0.0,7787.0,3671.0,10073.0,10539.0,2755.0,2289.0,4116.0,-4582.0
706,2009-02-10,12701.0,2184.0,6523.0,0.0,7737.0,3822.0,9921.0,10345.0,2780.0,2356.0,3915.0,-4339.0
707,2009-02-03,12945.0,1638.0,7616.0,0.0,7879.0,2802.0,9517.0,10418.0,3428.0,2527.0,5077.0,-5978.0
708,2009-01-27,10782.0,1802.0,6099.0,0.0,6268.0,2810.0,8070.0,8909.0,2712.0,1873.0,3458.0,-4297.0
709,2009-01-20,9714.0,2059.0,3996.0,0.0,4972.0,3760.0,7031.0,7756.0,2683.0,1958.0,1212.0,-1937.0
710,2009-01-13,9998.0,3416.0,3609.0,0.0,3936.0,4802.0,7352.0,8411.0,2646.0,1587.0,-866.0,-193.0
711,2009-01-06,9970.0,3286.0,3038.0,0.0,4080.0,5417.0,7366.0,8455.0,2604.0,1515.0,-1337.0,248.0
712,2008-12-30,9033.0,2360.0,3369.0,0.0,4152.0,4267.0,6512.0,7636.0,2521.0,1397.0,-115.0,-1009.0
713,2008-12-22,8905.0,2063.0,3263.0,0.0,3904.0,4274.0,5967.0,7537.0,2938.0,1368.0,-370.0,-1200.0
714,2008-12-16,9130.0,2060.0,3595.0,0.0,4041.0,4071.0,6101.0,7666.0,3029.0,1464.0,-30.0,-1535.0
715,2008-12-09,19891.0,2231.0,4524.0,94.0,15024.0,11492.0,17349.0,16110.0,2542.0,3781.0,3532.0,-2293.0
716,2008-12-02,19050.0,2266.0,4828.0,0.0,15424.0,12466.0,17690.0,17294.0,1360.0,1756.0,2958.0,-2562.0
717,2008-11-25,19099.0,2432.0,4810.0,0.0,15190.0,12765.0,17622.0,17575.0,1477.0,1524.0,2425.0,-2378.0
718,2008-11-18,18864.0,2607.0,4248.0,0.0,15006.0,12619.0,17613.0,16867.0,1251.0,1997.0,2387.0,-1641.0
719,2008-11-11,19041.0,2878.0,4244.0,0.0,14668.0,12449.0,17546.0,16693.0,1495.0,2348.0,2219.0,-1366.0
720,2008-11-04,18501.0,2907.0,3839.0,0.0,14230.0,12377.0,17137.0,16216.0,1364.0,2285.0,1853.0,-932.0
721,2008-10-28,18412.0,2897.0,5344.0,0.0,14334.0,10932.0,17231.0,16276.0,1181.0,2136.0,3402.0,-2447.0
722,2008-10-21,18222.0,2317.0,6488.0,0.0,14609.0,9487.0,16926.0,15975.0,1296.0,2247.0,5122.0,-4171.0
723,2008-10-14,18508.0,2366.0,6926.0,0.0,14791.0,9790.0,17157.0,16716.0,1351.0,1792.0,5001.0,-4560.0
724,2008-10-07,19057.0,4533.0,9011.0,0.0,13310.0,7593.0,17843.0,16604.0,1214.0,2453.0,5717.0,-4478.0
725,2008-09-30,18911.0,4552.0,9333.0,0.0,13508.0,7110.0,18060.0,16443.0,851.0,2468.0,6398.0,-4781.0
726,2008-09-23,22337.0,4418.0,9004.0,0.0,16676.0,9725.0,21094.0,18729.0,1243.0,3608.0,6951.0,-4586.0
727,2008-09-16,19338.0,7744.0,11644.0,0.0,10869.0,4698.0,18613.0,16342.0,725.0,2996.0,6171.0,-3900.0
728,2008-09-09,28411.0,8773.0,11723.0,0.0,18656.0,13985.0,27429.0,25708.0,982.0,2703.0,4671.0,-2950.0
729,2008-09-02,26943.0,9365.0,11179.0,0.0,16856.0,13307.0,26221.0,24486.0,722.0,2457.0,3549.0,-1814.0
730,2008-08-26,26713.0,9849.0,10312.0,0.0,15871.0,12853.0,25720.0,23165.0,993.0,3548.0,3018.0,-463.0
731,2008-08-19,28137.0,10267.0,10864.0,0.0,15206.0,13776.0,25473.0,24640.0,2664.0,3497.0,1430.0,-597.0
732,2008-08-12,31708.0,10639.0,12090.0,0.0,18802.0,17271.0,29441.0,29361.0,2267.0,2347.0,1531.0,-1451.0
733,2008-08-05,32162.0,11583.0,12964.0,0.0,17983.0,16893.0,29566.0,29857.0,2596.0,2305.0,1090.0,-1381.0
734,2008-07-29,28995.0,11649.0,10065.0,0.0,14667.0,17116.0,26316.0,27181.0,2679.0,1814.0,-2449.0,1584.0
735,2008-07-22,27932.0,13384.0,8400.0,0.0,11894.0,18096.0,25278.0,26496.0,2654.0,1436.0,-6202.0,4984.0
736,2008-07-15,29068.0,13581.0,8254.0,0.0,12655.0,19023.0,26236.0,27277.0,2832.0,1791.0,-6368.0,5327.0
737,2008-07-08,30523.0,12212.0,10071.0,0.0,14092.0,18605.0,26304.0,28676.0,4219.0,1847.0,-4513.0,2141.0
738,2008-07-01,26855.0,11988.0,8822.0,0.0,12034.0,16627.0,24022.0,25449.0,2833.0,1406.0,-4593.0,3166.0
739,2008-06-24,25319.0,11543.0,8893.0,0.0,11244.0,14484.0,22787.0,23377.0,2532.0,1942.0,-3240.0,2650.0
740,2008-06-17,25095.0,10806.0,9240.0,0.0,8943.0,14099.0,19749.0,23339.0,5346.0,1756.0,-5156.0,1566.0
741,2008-06-10,36876.0,11677.0,8477.0,81.0,22045.0,21652.0,33803.0,30210.0,3073.0,6666.0,393.0,3200.0
742,2008-06-03,32954.0,13965.0,7637.0,33.0,16523.0,18750.0,30521.0,26420.0,2433.0,6534.0,-2227.0,6328.0
743,2008-05-27,32124.0,12903.0,7939.0,19.0,16861.0,22857.0,29783.0,30815.0,2341.0,1309.0,-5996.0,4964.0
744,2008-05-20,30921.0,12274.0,7733.0,0.0,16327.0,21836.0,28601.0,29569.0,2320.0,1352.0,-5509.0,4541.0
745,2008-05-13,30377.0,11193.0,7749.0,24.0,16377.0,21339.0,27594.0,29112.0,2783.0,1265.0,-4962.0,3444.0
746,2008-05-06,23946.0,11449.0,5112.0,24.0,9248.0,17547.0,20721.0,22683.0,3225.0,1263.0,-8299.0,6337.0
747,2008-04-29,23624.0,10798.0,5309.0,32.0,10420.0,17531.0,21250.0,22872.0,2374.0,752.0,-7111.0,5489.0
748,2008-04-22,23365.0,12726.0,4832.0,32.0,7844.0,17295.0,20602.0,22159.0,2763.0,1206.0,-9451.0,7894.0
749,2008-04-15,22254.0,12015.0,5421.0,17.0,7812.0,15976.0,19844.0,21414.0,2410.0,840.0,-8164.0,6594.0
750,2008-04-08,20951.0,12412.0,4040.0,17.0,5647.0,15570.0,18076.0,19627.0,2875.0,1324.0,-9923.0,8372.0
751,2008-04-01,19790.0,11600.0,4146.0,0.0,5292.0,14194.0,16892.0,18340.0,2898.0,1450.0,-8902.0,7454.0
752,2008-03-25,18330.0,12476.0,3025.0,0.0,3298.0,14437.0,15774.0,17462.0,2556.0,868.0,-11139.0,9451.0
753,2008-03-18,17754.0,12921.0,2543.0,0.0,2196.0,14288.0,15117.0,16831.0,2637.0,923.0,-12092.0,10378.0
754,2008-03-11,25732.0,13379.0,983.0,21.0,9553.0,23723.0,22953.0,24727.0,2779.0,1005.0,-14170.0,12396.0
755,2008-03-04,24541.0,14988.0,1357.0,68.0,6646.0,22125.0,21702.0,23550.0,2839.0,991.0,-15479.0,13631.0
756,2008-02-26,25565.0,16954.0,1421.0,68.0,5250.0,22976.0,22272.0,24465.0,3293.0,1100.0,-17726.0,15533.0
757,2008-02-19,24663.0,16735.0,1608.0,68.0,4796.0,21833.0,21599.0,23509.0,3064.0,1154.0,-17037.0,15127.0
758,2008-02-12,24074.0,17294.0,1315.0,87.0,3637.0,21639.0,21018.0,23041.0,3056.0,1033.0,-18002.0,15979.0
759,2008-02-05,23061.0,16150.0,1361.0,87.0,3859.0,20565.0,20096.0,22013.0,2965.0,1048.0,-16706.0,14789.0
760,2008-01-29,20854.0,13429.0,2707.0,87.0,4779.0,16948.0,18295.0,19742.0,2559.0,1112.0,-12169.0,10722.0
761,2008-01-22,21818.0,14406.0,2951.0,108.0,4692.0,17513.0,19206.0,20572.0,2612.0,1246.0,-12821.0,11455.0
762,2008-01-15,22467.0,16969.0,1220.0,108.0,2458.0,20520.0,19535.0,21848.0,2932.0,619.0,-18062.0,15749.0
763,2008-01-08,21286.0,14848.0,1345.0,57.0,3471.0,19013.0,18376.0,20415.0,2910.0,871.0,-15542.0,13503.0
764,2007-12-31,21344.0,16237.0,2272.0,57.0,2819.0,18455.0,19113.0,20784.0,2231.0,560.0,-15636.0,13965.0
765,2007-12-24,20826.0,14098.0,1851.0,81.0,4190.0,17818.0,18369.0,19750.0,2457.0,1076.0,-13628.0,12247.0
766,2007-12-18,19080.0,12556.0,2930.0,81.0,3200.0,15991.0,15837.0,19002.0,3243.0,78.0,-12791.0,9626.0
767,2007-12-11,27458.0,14047.0,2706.0,450.0,9286.0,22383.0,23783.0,25539.0,3675.0,1919.0,-13097.0,11341.0
768,2007-12-04,22019.0,14124.0,3125.0,81.0,5486.0,18023.0,19691.0,21229.0,2328.0,790.0,-12537.0,10999.0
769,2007-11-27,22618.0,11672.0,4813.0,0.0,8489.0,16820.0,20161.0,21633.0,2457.0,985.0,-8331.0,6859.0
770,2007-11-20,23219.0,12132.0,5078.0,0.0,8312.0,17384.0,20444.0,22462.0,2775.0,757.0,-9072.0,7054.0
771,2007-11-13,24117.0,15369.0,4946.0,0.0,5785.0,17981.0,21154.0,22927.0,2963.0,1190.0,-12196.0,10423.0
772,2007-11-06,25305.0,17935.0,4554.0,98.0,4058.0,19548.0,22091.0,24200.0,3214.0,1105.0,-15490.0,13381.0
773,2007-10-30,26253.0,19101.0,4433.0,98.0,4134.0,20665.0,23333.0,25196.0,2920.0,1057.0,-16531.0,14668.0
774,2007-10-23,30493.0,23802.0,4351.0,98.0,3410.0,24335.0,27310.0,28784.0,3183.0,1709.0,-20925.0,19451.0
775,2007-10-16,30684.0,25591.0,3206.0,105.0,2407.0,25560.0,28103.0,28871.0,2581.0,1813.0,-23153.0,22385.0
776,2007-10-09,29258.0,24238.0,3153.0,105.0,2245.0,25561.0,26588.0,28819.0,2670.0,439.0,-23316.0,21085.0
777,2007-10-02,25717.0,20974.0,2480.0,105.0,2203.0,22027.0,23282.0,24612.0,2435.0,1105.0,-19824.0,18494.0
778,2007-09-25,21124.0,15904.0,3182.0,105.0,2731.0,16473.0,18740.0,19760.0,2384.0,1364.0,-13742.0,12722.0
779,2007-09-18,19015.0,14444.0,3272.0,154.0,2553.0,14342.0,17151.0,17768.0,1864.0,1247.0,-11789.0,11172.0
780,2007-09-11,33398.0,14013.0,4339.0,292.0,16920.0,27162.0,31225.0,31793.0,2173.0,1605.0,-10242.0,9674.0
781,2007-09-04,29416.0,10850.0,4507.0,105.0,16277.0,23332.0,27232.0,27944.0,2184.0,1472.0,-7055.0,6343.0
782,2007-08-28,29236.0,8429.0,4604.0,105.0,18194.0,22069.0,26728.0,26778.0,2508.0,2458.0,-3875.0,3825.0
783,2007-08-21,29542.0,11912.0,3027.0,105.0,15189.0,24931.0,27206.0,28063.0,2336.0,1479.0,-9742.0,8885.0
784,2007-08-14,31708.0,16345.0,2308.0,0.0,12769.0,27971.0,29114.0,30279.0,2594.0,1429.0,-15202.0,14037.0
785,2007-08-07,32616.0,17778.0,1118.0,0.0,12560.0,29999.0,30338.0,31117.0,2278.0,1499.0,-17439.0,16660.0
786,2007-07-31,32233.0,15457.0,1193.0,0.0,14162.0,29164.0,29619.0,30357.0,2614.0,1876.0,-15002.0,14264.0
787,2007-07-24,46589.0,30047.0,2203.0,0.0,13182.0,42066.0,43229.0,44269.0,3360.0,2320.0,-28884.0,27844.0
788,2007-07-17,43212.0,26292.0,1906.0,255.0,13151.0,39007.0,39698.0,41168.0,3514.0,2044.0,-25856.0,24386.0
789,2007-07-10,41167.0,25480.0,2230.0,374.0,12028.0,36581.0,37882.0,39185.0,3285.0,1982.0,-24553.0,23250.0
790,2007-07-03,41316.0,25511.0,2617.0,380.0,11608.0,36383.0,37499.0,39380.0,3817.0,1936.0,-24775.0,22894.0
791,2007-06-26,41393.0,26627.0,2753.0,421.0,11141.0,36751.0,38189.0,39925.0,3204.0,1468.0,-25610.0,23874.0
792,2007-06-19,41113.0,26386.0,2070.0,397.0,11530.0,36852.0,38313.0,39319.0,2800.0,1794.0,-25322.0,24316.0
793,2007-06-12,55629.0,27973.0,1577.0,18.0,24618.0,52210.0,52609.0,53805.0,3020.0,1824.0,-27592.0,26396.0
794,2007-06-05,27528.0,21210.0,1292.0,6.0,3823.0,24816.0,25039.0,26114.0,2489.0,1414.0,-20993.0,19918.0
795,2007-05-29,23796.0,15707.0,796.0,6.0,5598.0,21530.0,21311.0,22332.0,2485.0,1464.0,-15932.0,14911.0
796,2007-05-22,24381.0,16607.0,800.0,6.0,5054.0,21951.0,21667.0,22757.0,2714.0,1624.0,-16897.0,15807.0
797,2007-05-15,26331.0,20095.0,856.0,6.0,3430.0,23794.0,23531.0,24656.0,2800.0,1675.0,-20364.0,19239.0
798,2007-05-08,23617.0,16416.0,1161.0,0.0,4251.0,20934.0,20667.0,22095.0,2950.0,1522.0,-16683.0,15255.0
799,2007-05-01,25253.0,18777.0,1254.0,0.0,3592.0,22385.0,22369.0,23639.0,2884.0,1614.0,-18793.0,17523.0
800,2007-04-24,28091.0,22801.0,1698.0,0.0,2184.0,24689.0,24985.0,26387.0,3106.0,1704.0,-22505.0,21103.0
801,2007-04-17,28672.0,24198.0,1101.0,0.0,1772.0,25992.0,25970.0,27093.0,2702.0,1579.0,-24220.0,23097.0
802,2007-04-10,25383.0,21068.0,1001.0,0.0,1916.0,22835.0,22984.0,23836.0,2399.0,1547.0,-20919.0,20067.0
803,2007-04-03,27025.0,23361.0,836.0,0.0,1912.0,24441.0,25273.0,25277.0,1752.0,1748.0,-22529.0,22525.0
804,2007-03-27,27611.0,23824.0,1036.0,0.0,2017.0,24524.0,25841.0,25560.0,1770.0,2051.0,-22507.0,22788.0
805,2007-03-20,23099.0,19735.0,879.0,0.0,1806.0,20532.0,21541.0,21411.0,1558.0,1688.0,-18726.0,18856.0
806,2007-03-13,23442.0,15091.0,329.0,181.0,6233.0,21442.0,21505.0,21952.0,1937.0,1490.0,-15209.0,14762.0
807,2007-03-06,21159.0,14404.0,115.0,105.0,4468.0,19240.0,18977.0,19460.0,2182.0,1699.0,-14772.0,14289.0
808,2007-02-27,22779.0,16798.0,292.0,0.0,3423.0,21024.0,20221.0,21316.0,2558.0,1463.0,-17601.0,16506.0
809,2007-02-20,21969.0,16240.0,372.0,0.0,3363.0,20441.0,19603.0,20813.0,2366.0,1156.0,-17078.0,15868.0
810,2007-02-13,19219.0,12894.0,421.0,0.0,4378.0,17707.0,17272.0,18128.0,1947.0,1091.0,-13329.0,12473.0
811,2007-02-06,18326.0,10592.0,471.0,0.0,5773.0,16837.0,16365.0,17308.0,1961.0,1018.0,-11064.0,10121.0
812,2007-01-30,18000.0,8758.0,637.0,0.0,7489.0,16413.0,16247.0,17050.0,1753.0,950.0,-8924.0,8121.0
813,2007-01-23,18687.0,11450.0,1255.0,0.0,4745.0,16429.0,16195.0,17684.0,2492.0,1003.0,-11684.0,10195.0
814,2007-01-16,19988.0,14032.0,631.0,0.0,4173.0,18429.0,18205.0,19060.0,1783.0,928.0,-14256.0,13401.0
815,2007-01-09,20440.0,15283.0,665.0,0.0,3300.0,18804.0,18583.0,19469.0,1857.0,971.0,-15504.0,14618.0
816,2007-01-03,22855.0,19054.0,702.0,0.0,1894.0,21111.0,20948.0,21813.0,1907.0,1042.0,-19217.0,18352.0
817,2006-12-26,21961.0,18350.0,761.0,0.0,1785.0,20568.0,20135.0,21329.0,1826.0,632.0,-18783.0,17589.0
818,2006-12-19,22440.0,19129.0,1240.0,0.0,1690.0,20658.0,20819.0,21898.0,1621.0,542.0,-18968.0,17889.0
819,2006-12-12,22265.0,17432.0,865.0,0.0,2634.0,20327.0,20066.0,21192.0,2199.0,1073.0,-17693.0,16567.0
820,2006-12-05,19768.0,15427.0,957.0,0.0,2057.0,17707.0,17484.0,18664.0,2284.0,1104.0,-15650.0,14470.0
821,2006-11-28,18078.0,13682.0,759.0,0.0,2259.0,16527.0,15941.0,17286.0,2137.0,792.0,-14268.0,12923.0
822,2006-11-21,17654.0,13298.0,452.0,0.0,2201.0,16100.0,15499.0,16552.0,2155.0,1102.0,-13899.0,12846.0
823,2006-11-14,15514.0,10747.0,452.0,0.0,2945.0,13993.0,13692.0,14445.0,1822.0,1069.0,-11048.0,10295.0
824,2006-11-07,18916.0,14371.0,452.0,0.0,2362.0,17477.0,16733.0,17929.0,2183.0,987.0,-15115.0,13919.0
825,2006-10-31,18440.0,13531.0,1274.0,0.0,2838.0,16046.0,16369.0,17320.0,2071.0,1120.0,-13208.0,12257.0
826,2006-10-24,21403.0,16443.0,1208.0,0.0,2831.0,18817.0,19274.0,20025.0,2129.0,1378.0,-15986.0,15235.0
827,2006-10-17,19759.0,15075.0,1273.0,0.0,2503.0,17233.0,17578.0,18506.0,2181.0,1253.0,-14730.0,13802.0
828,2006-10-10,15750.0,11656.0,1547.0,0.0,2392.0,13392.0,14048.0,14939.0,1702.0,811.0,-11000.0,10109.0
829,2006-10-03,13426.0,8391.0,616.0,0.0,3043.0,11573.0,11434.0,12189.0,1992.0,1237.0,-8530.0,7775.0
830,2006-09-26,17727.0,13141.0,468.0,0.0,2272.0,16282.0,15413.0,16750.0,2314.0,977.0,-14010.0,12673.0
831,2006-09-19,17608.0,13350.0,468.0,0.0,2568.0,16218.0,15918.0,16686.0,1690.0,922.0,-13650.0,12882.0
832,2006-09-12,19320.0,9750.0,239.0,26.0,7865.0,18037.0,17641.0,18302.0,1679.0,1018.0,-10172.0,9511.0
833,2006-09-05,18852.0,11218.0,175.0,0.0,5518.0,17906.0,16736.0,18081.0,2116.0,771.0,-12388.0,11043.0
834,2006-08-29,18099.0,10687.0,171.0,0.0,5375.0,17092.0,16062.0,17263.0,2037.0,836.0,-11717.0,10516.0
835,2006-08-22,19886.0,11787.0,296.0,0.0,6022.0,18680.0,17809.0,18976.0,2077.0,910.0,-12658.0,11491.0
836,2006-08-15,19536.0,13438.0,176.0,0.0,4216.0,18424.0,17654.0,18600.0,1882.0,936.0,-14208.0,13262.0
837,2006-08-08,17327.0,9468.0,2523.0,0.0,6233.0,13907.0,15701.0,16430.0,1626.0,897.0,-7674.0,6945.0
838,2006-08-01,18160.0,10955.0,2752.0,0.0,5581.0,14214.0,16536.0,16966.0,1624.0,1194.0,-8633.0,8203.0
839,2006-07-25,16341.0,9103.0,3658.0,0.0,5799.0,11495.0,14902.0,15153.0,1439.0,1188.0,-5696.0,5445.0
840,2006-07-18,14948.0,7204.0,3636.0,0.0,6189.0,9629.0,13393.0,13265.0,1555.0,1683.0,-3440.0,3568.0
841,2006-07-11,14081.0,4329.0,5272.0,0.0,8115.0,7500.0,12444.0,12772.0,1637.0,1309.0,615.0,-943.0
842,2006-06-13,22546.0,7030.0,4717.0,33.0,13997.0,16553.0,21060.0,21303.0,1486.0,1243.0,-2556.0,2313.0
843,2006-06-06,13175.0,6910.0,4752.0,0.0,5126.0,6990.0,12036.0,11742.0,1139.0,1433.0,-1864.0,2158.0
844,2006-05-30,13244.0,7614.0,4786.0,0.0,4459.0,6802.0,12073.0,11588.0,1171.0,1656.0,-2343.0,2828.0
845,2006-05-23,14325.0,7483.0,216.0,0.0,5595.0,12040.0,13078.0,12256.0,1247.0,2069.0,-6445.0,7267.0
846,2006-05-16,14193.0,7867.0,501.0,0.0,5136.0,11955.0,13003.0,12456.0,1190.0,1737.0,-6819.0,7366.0
847,2006-05-09,13736.0,7284.0,398.0,0.0,5278.0,11400.0,12562.0,11798.0,1174.0,1938.0,-6122.0,6886.0
848,2006-05-02,12204.0,6517.0,314.0,0.0,4245.0,9917.0,10762.0,10231.0,1442.0,1973.0,-5672.0,6203.0
849,2006-04-25,12171.0,5718.0,910.0,0.0,4974.0,9298.0,10692.0,10208.0,1479.0,1963.0,-4324.0,4808.0
850,2006-04-18,13154.0,5272.0,800.0,0.0,6320.0,10408.0,11592.0,11208.0,1562.0,1946.0,-4088.0,4472.0
851,2006-04-11,12412.0,3587.0,1251.0,0.0,7192.0,9545.0,10779.0,10796.0,1633.0,1616.0,-2353.0,2336.0
852,2006-04-04,12473.0,3002.0,2614.0,0.0,7488.0,7864.0,10490.0,10478.0,1983.0,1995.0,-376.0,388.0
853,2006-03-28,12247.0,3229.0,2330.0,0.0,7058.0,7680.0,10287.0,10010.0,1960.0,2237.0,-622.0,899.0
854,2006-03-21,11380.0,3661.0,1924.0,0.0,5968.0,7496.0,9629.0,9420.0,1751.0,1960.0,-1528.0,1737.0
855,2006-03-14,10702.0,4349.0,1746.0,0.0,5389.0,7052.0,9738.0,8798.0,964.0,1904.0,-1663.0,2603.0
856,2006-03-07,17982.0,4364.0,1518.0,123.0,12566.0,14459.0,17053.0,16100.0,929.0,1882.0,-1893.0,2846.0
857,2006-02-28,14476.0,4273.0,1373.0,0.0,8838.0,11363.0,13111.0,12736.0,1365.0,1740.0,-2525.0,2900.0
858,2006-02-21,14603.0,5109.0,1486.0,119.0,8017.0,11588.0,13245.0,13193.0,1358.0,1410.0,-3571.0,3623.0
859,2006-02-14,11225.0,4622.0,611.0,118.0,5033.0,9271.0,9773.0,10000.0,1452.0,1225.0,-4238.0,4011.0
860,2006-02-07,15200.0,9120.0,5019.0,0.0,4838.0,8949.0,13958.0,13968.0,1242.0,1232.0,-4111.0,4101.0
861,2006-01-31,15684.0,9361.0,5587.0,114.0,5027.0,8699.0,14502.0,14400.0,1182.0,1284.0,-3672.0,3774.0
862,2006-01-24,15046.0,9589.0,5740.0,96.0,4182.0,8008.0,13867.0,13844.0,1179.0,1202.0,-3826.0,3849.0
863,2006-01-17,15026.0,10337.0,5510.0,134.0,3060.0,8156.0,13531.0,13800.0,1495.0,1226.0,-5096.0,4827.0
864,2006-01-10,13013.0,8659.0,4915.0,251.0,3100.0,6628.0,12010.0,11794.0,1003.0,1219.0,-3528.0,3744.0
865,2006-01-03,12189.0,8158.0,3321.0,0.0,3074.0,7857.0,11232.0,11178.0,957.0,1011.0,-4783.0,4837.0
866,2005-12-27,10731.0,6328.0,1887.0,0.0,3366.0,8226.0,9694.0,10113.0,1037.0,618.0,-4860.0,4441.0
867,2005-12-13,13233.0,6980.0,973.0,155.0,4220.0,10764.0,11355.0,11892.0,1878.0,1341.0,-6544.0,6007.0
868,2005-12-06,12187.0,7606.0,895.0,0.0,2485.0,10136.0,10091.0,11031.0,2096.0,1156.0,-7651.0,6711.0
869,2005-10-18,10099.0,6208.0,508.0,0.0,2353.0,8421.0,8561.0,8929.0,1538.0,1170.0,-6068.0,5700.0
870,2005-10-11,9438.0,5592.0,508.0,0.0,2499.0,7855.0,8091.0,8363.0,1347.0,1075.0,-5356.0,5084.0
871,2005-09-13,11677.0,5465.0,0.0,222.0,4488.0,10510.0,10175.0,10732.0,1502.0,945.0,-6022.0,5465.0
872,2005-09-06,9596.0,5251.0,0.0,0.0,3051.0,8610.0,8302.0,8610.0,1294.0,986.0,-5559.0,5251.0
873,2005-08-30,9410.0,4877.0,0.0,0.0,3252.0,8195.0,8129.0,8195.0,1281.0,1215.0,-4943.0,4877.0
874,2005-08-16,9004.0,4581.0,0.0,0.0,3125.0,8020.0,7706.0,8020.0,1298.0,984.0,-4895.0,4581.0
875,2005-04-05,9820.0,6057.0,705.0,0.0,2167.0,8453.0,8224.0,9158.0,1596.0,662.0,-6286.0,5352.0
876,2005-03-29,10026.0,6097.0,705.0,0.0,2303.0,8695.0,8400.0,9400.0,1626.0,626.0,-6392.0,5392.0
877,2005-03-08,11871.0,5933.0,0.0,0.0,3852.0,10846.0,9785.0,10846.0,2086.0,1025.0,-6994.0,5933.0
878,2004-12-07,15589.0,4191.0,1010.0,0.0,8996.0,11586.0,13187.0,12596.0,2402.0,2993.0,-2590.0,3181.0
879,2004-11-30,17378.0,8206.0,1008.0,0.0,6338.0,13366.0,14544.0,14374.0,2834.0,3004.0,-7028.0,7198.0
880,2004-11-23,17173.0,8275.0,499.0,0.0,6213.0,13566.0,14488.0,14065.0,2685.0,3108.0,-7353.0,7776.0
881,2004-11-16,17558.0,8322.0,537.0,0.0,6706.0,13994.0,15028.0,14531.0,2530.0,3027.0,-7288.0,7785.0
882,2004-11-09,17189.0,7684.0,657.0,0.0,7076.0,13467.0,14760.0,14124.0,2429.0,3065.0,-6391.0,7027.0
883,2004-11-02,17610.0,7752.0,774.0,0.0,7497.0,13696.0,15249.0,14470.0,2361.0,3140.0,-6199.0,6978.0
884,2004-10-26,17661.0,7652.0,134.0,0.0,7448.0,14355.0,15100.0,14489.0,2561.0,3172.0,-6907.0,7518.0
885,2004-10-19,15619.0,5649.0,0.0,0.0,7668.0,12510.0,13317.0,12510.0,2302.0,3109.0,-4842.0,5649.0
886,2004-08-17,9291.0,3624.0,734.0,0.0,3850.0,7052.0,7474.0,7786.0,1817.0,1505.0,-3202.0,2890.0
887,2003-11-25,7996.0,4893.0,1200.0,0.0,1533.0,5867.0,6426.0,7067.0,1570.0,929.0,-4334.0,3693.0
888,2003-11-18,7223.0,4332.0,1293.0,0.0,1353.0,4857.0,5685.0,6150.0,1538.0,1073.0,-3504.0,3039.0
889,2003-11-11,6305.0,3346.0,1529.0,0.0,1510.0,3510.0,4856.0,5039.0,1449.0,1266.0,-2000.0,1817.0
890,2000-04-04,1989.0,0.0,597.0,0.0,1294.0,302.0,1294.0,899.0,695.0,1090.0,992.0,-597.0
891,2000-03-07,3924.0,0.0,824.0,0.0,3226.0,2259.0,3226.0,3083.0,698.0,841.0,967.0,-824.0
892,2000-02-29,3050.0,0.0,812.0,0.0,2351.0,1410.0,2351.0,2222.0,699.0,828.0,941.0,-812.0
893,2000-02-22,2963.0,445.0,814.0,0.0,1942.0,1410.0,2387.0,2224.0,576.0,739.0,532.0,-369.0
894,2000-02-15,3096.0,445.0,814.0,0.0,2069.0,1410.0,2514.0,2224.0,582.0,872.0,659.0,-369.0
895,2000-02-08,2985.0,445.0,814.0,0.0,1939.0,1409.0,2384.0,2223.0,601.0,762.0,530.0,-369.0
896,2000-02-01,3835.0,445.0,1822.0,0.0,2339.0,690.0,2784.0,2512.0,1051.0,1323.0,1649.0,-1377.0
897,2000-01-25,1384.0,0.0,0.0,0.0,1122.0,1027.0,1122.0,1027.0,262.0,357.0,95.0,0.0
898,2000-01-18,1255.0,0.0,0.0,0.0,965.0,1080.0,965.0,1080.0,290.0,175.0,-115.0,0.0
899,2000-01-11,1313.0,0.0,0.0,0.0,1037.0,1080.0,1037.0,1080.0,276.0,233.0,-43.0,0.0
900,2000-01-04,1398.0,0.0,0.0,0.0,1032.0,1081.0,1032.0,1081.0,366.0,317.0,-49.0,0.0
901,1999-12-28,1247.0,0.0,0.0,0.0,1032.0,773.0,1032.0,773.0,215.0,474.0,259.0,0.0
902,1999-12-21,1248.0,0.0,247.0,0.0,1032.0,767.0,1032.0,1014.0,216.0,234.0,265.0,-247.0
903,1999-12-14,1356.0,0.0,520.0,0.0,1127.0,359.0,1127.0,879.0,229.0,477.0,768.0,-520.0
904,1999-12-07,1598.0,0.0,0.0,0.0,1212.0,1249.0,1212.0,1249.0,386.0,349.0,-37.0,0.0
905,1999-11-30,1423.0,0.0,0.0,0.0,1193.0,1139.0,1193.0,1139.0,230.0,284.0,54.0,0.0
906,1999-11-23,1605.0,200.0,0.0,0.0,1189.0,1334.0,1389.0,1334.0,216.0,271.0,-145.0,200.0
907,1999-11-16,1876.0,200.0,0.0,0.0,1189.0,1331.0,1389.0,1331.0,487.0,545.0,-142.0,200.0
908,1999-11-09,1647.0,200.0,0.0,0.0,1189.0,948.0,1389.0,948.0,258.0,699.0,241.0,200.0
909,1999-11-02,1452.0,0.0,497.0,0.0,1189.0,548.0,1189.0,1045.0,263.0,407.0,641.0,-497.0
910,1999-10-26,1463.0,0.0,297.0,0.0,1189.0,540.0,1189.0,837.0,274.0,626.0,649.0,-297.0
911,1999-10-19,1337.0,0.0,0.0,0.0,1189.0,533.0,1189.0,533.0,148.0,804.0,656.0,0.0
912,1999-09-07,4083.0,0.0,0.0,0.0,3499.0,1680.0,3499.0,1680.0,584.0,2403.0,1819.0,0.0
913,1999-08-31,3989.0,0.0,268.0,0.0,3409.0,1272.0,3409.0,1540.0,580.0,2449.0,2137.0,-268.0
914,1999-08-24,3723.0,200.0,0.0,0.0,2912.0,1461.0,3112.0,1461.0,611.0,2262.0,1451.0,200.0
915,1999-08-17,3627.0,200.0,0.0,0.0,2355.0,1541.0,2555.0,1541.0,1072.0,2086.0,814.0,200.0
916,1999-08-10,3626.0,200.0,0.0,0.0,2355.0,1541.0,2555.0,1541.0,1071.0,2085.0,814.0,200.0
917,1999-08-03,3626.0,0.0,0.0,0.0,2355.0,1546.0,2355.0,1546.0,1271.0,2080.0,809.0,0.0
918,1999-07-27,3761.0,0.0,353.0,0.0,2797.0,1229.0,2797.0,1582.0,964.0,2179.0,1568.0,-353.0
919,1999-07-20,3744.0,0.0,353.0,0.0,2597.0,1229.0,2597.0,1582.0,1147.0,2162.0,1368.0,-353.0
920,1999-07-13,3640.0,0.0,0.0,0.0,2607.0,1229.0,2607.0,1229.0,1033.0,2411.0,1378.0,0.0
921,1999-07-06,3525.0,0.0,0.0,0.0,2485.0,1229.0,2485.0,1229.0,1040.0,2296.0,1256.0,0.0
922,1999-06-29,3530.0,0.0,0.0,0.0,2489.0,1362.0,2489.0,1362.0,1041.0,2168.0,1127.0,0.0
923,1999-06-22,3511.0,0.0,0.0,0.0,2489.0,1236.0,2489.0,1236.0,1022.0,2275.0,1253.0,0.0
924,1999-06-15,3419.0,0.0,0.0,0.0,2489.0,805.0,2489.0,805.0,930.0,2614.0,1684.0,0.0
925,1999-06-08,5341.0,0.0,0.0,0.0,4587.0,1977.0,4587.0,1977.0,754.0,3364.0,2610.0,0.0
926,1999-06-01,4858.0,0.0,0.0,0.0,4069.0,1483.0,4069.0,1483.0,789.0,3375.0,2586.0,0.0
927,1999-05-25,5763.0,2907.0,0.0,1.0,1872.0,2929.0,4780.0,2930.0,983.0,2833.0,-1057.0,2907.0
928,1999-05-18,6989.0,5746.0,0.0,0.0,469.0,5292.0,6215.0,5292.0,774.0,1697.0,-4823.0,5746.0
929,1999-05-11,3850.0,2768.0,0.0,0.0,469.0,3391.0,3237.0,3391.0,613.0,459.0,-2922.0,2768.0
930,1999-05-04,1669.0,375.0,0.0,0.0,360.0,1414.0,735.0,1414.0,934.0,255.0,-1054.0,375.0
931,1999-04-27,1548.0,243.0,0.0,0.0,360.0,1109.0,603.0,1109.0,945.0,439.0,-749.0,243.0
932,1999-04-20,1731.0,243.0,0.0,0.0,360.0,1110.0,603.0,1110.0,1128.0,621.0,-750.0,243.0
933,1999-03-09,2459.0,0.0,0.0,0.0,1440.0,1877.0,1440.0,1877.0,1019.0,582.0,-437.0,0.0
934,1999-02-23,2190.0,709.0,0.0,0.0,743.0,1848.0,1452.0,1848.0,738.0,342.0,-1105.0,709.0
935,1999-02-16,2404.0,709.0,0.0,0.0,743.0,1847.0,1452.0,1847.0,952.0,557.0,-1104.0,709.0
936,1999-02-09,2607.0,1164.0,0.0,0.0,510.0,2205.0,1674.0,2205.0,933.0,402.0,-1695.0,1164.0
937,1999-02-02,2365.0,1164.0,0.0,0.0,659.0,2003.0,1823.0,2003.0,542.0,362.0,-1344.0,1164.0
938,1999-01-26,2324.0,1165.0,0.0,0.0,303.0,2009.0,1468.0,2009.0,856.0,315.0,-1706.0,1165.0
939,1999-01-19,2327.0,1167.0,0.0,0.0,303.0,2010.0,1470.0,2010.0,857.0,317.0,-1707.0,1167.0
940,1999-01-12,2559.0,1804.0,0.0,0.0,0.0,2169.0,1804.0,2169.0,755.0,390.0,-2169.0,1804.0
941,1999-01-05,2299.0,1338.0,0.0,0.0,0.0,1771.0,1338.0,1771.0,961.0,528.0,-1771.0,1338.0
